entry_time,exit_time,direction,result,bars_held,entry_mnq,exit_mnq,entry_cl,exit_cl,pnl_mnq_pct,pnl_cl_pct,pnl_total_pct,mnq_adx,cl_adx,mnq_rsi,cl_rsi,rsi_div,price_div,hour
2021-10-04 00:00:00,2021-10-07 00:00:00,SHORT_MNQ,LOSS,3,14462.25,14881.52,77.62,78.3,-2.9,-0.88,-3.78,33.7,18.5,35.2,65.6,-30.4,-0.000465,0.0
2021-10-06 00:00:00,2021-10-18 00:00:00,SHORT_MNQ,LOSS,8,14759.0,15211.64,77.43,82.44,-3.07,-6.47,-9.54,37.7,21.3,43.2,63.0,-19.8,-0.000135,0.0
2021-10-08 00:00:00,2021-10-18 00:00:00,SHORT_MNQ,LOSS,6,14808.25,15229.03,79.35,82.44,-2.84,-3.89,-6.74,37.3,21.2,44.7,66.2,-21.5,-6.6e-05,0.0
2021-10-11 00:00:00,2021-10-15 00:00:00,SHORT_MNQ,LOSS,4,14700.5,15123.45,80.52,82.28,-2.88,-2.19,-5.06,37.5,22.2,42.6,68.1,-25.5,-0.000107,0.0
2021-10-12 00:00:00,2021-10-14 00:00:00,SHORT_MNQ,LOSS,2,14653.25,15065.48,80.64,81.31,-2.81,-0.83,-3.64,38.0,23.0,41.7,68.3,-26.6,-5e-06,0.0
2021-10-13 00:00:00,2021-10-18 00:00:00,SHORT_MNQ,LOSS,3,14764.25,15178.89,80.44,82.44,-2.81,-2.49,-5.29,38.4,23.8,44.6,67.6,-23.0,-1.9e-05,0.0
2021-11-03 00:00:00,2021-11-22 00:00:00,LONG_MNQ,WIN,13,16129.75,16703.39,80.86,76.75,3.56,5.08,8.64,31.4,29.1,69.0,56.0,13.0,-0.000384,0.0
2021-11-04 00:00:00,2021-11-10 00:00:00,LONG_MNQ,LOSS,4,16330.75,16030.4,78.81,81.34,-1.84,-3.21,-5.05,33.4,28.0,71.6,50.5,21.1,-0.000316,0.0
2021-11-12 00:00:00,2021-12-01 00:00:00,LONG_MNQ,LOSS,12,16192.75,15889.56,80.79,65.57,-1.87,18.84,16.97,34.3,20.2,64.2,53.0,11.2,-0.000104,0.0
2021-11-15 00:00:00,2021-12-01 00:00:00,LONG_MNQ,LOSS,11,16187.75,15885.79,80.88,65.57,-1.87,18.93,17.06,33.9,19.5,64.0,53.2,10.8,-0.0,0.0
2021-11-16 00:00:00,2021-11-26 00:00:00,LONG_MNQ,LOSS,7,16300.75,16001.88,80.76,68.15,-1.83,15.61,13.78,33.7,18.4,65.9,52.9,13.0,-1e-05,0.0
2021-11-17 00:00:00,2021-11-26 00:00:00,LONG_MNQ,LOSS,6,16311.5,16019.21,78.36,68.15,-1.79,13.03,11.24,33.8,18.6,66.0,47.4,18.7,-2e-05,0.0
2021-11-19 00:00:00,2021-11-23 00:00:00,LONG_MNQ,LOSS,2,16575.0,16289.95,76.1,78.5,-1.72,-3.15,-4.87,35.1,20.1,70.0,43.1,27.0,-0.00021,0.0
2021-11-22 00:00:00,2021-11-26 00:00:00,LONG_MNQ,LOSS,3,16382.0,16067.8,76.75,68.15,-1.92,11.21,9.29,36.3,21.3,64.1,44.6,19.5,-9.9e-05,0.0
2021-11-23 00:00:00,2021-11-26 00:00:00,LONG_MNQ,LOSS,2,16312.0,15988.24,78.5,68.15,-1.98,13.18,11.2,35.7,21.2,62.0,48.6,13.5,-9.7e-05,0.0
2021-11-24 00:00:00,2021-11-26 00:00:00,LONG_MNQ,LOSS,1,16366.0,16040.53,78.39,68.15,-1.99,13.06,11.07,34.9,20.9,63.0,48.3,14.6,-5e-06,0.0
2022-01-25 00:00:00,2022-01-31 00:00:00,SHORT_MNQ,LOSS,4,14140.75,14847.3,85.6,88.15,-5.0,-2.98,-7.98,31.8,25.1,31.0,62.3,-31.3,-0.000683,0.0
2022-02-03 00:00:00,2022-04-13 00:00:00,SHORT_MNQ,EXPIRED,48,14492.25,14221.5,90.27,104.25,1.87,-15.49,-13.62,32.7,28.3,40.5,67.8,-27.3,-0.000938,0.0
2022-02-08 00:00:00,2022-02-24 00:00:00,SHORT_MNQ,WIN,11,14734.5,13098.86,89.36,92.81,11.1,-3.86,7.24,31.7,31.2,44.0,62.8,-18.7,-0.000258,0.0
2022-02-10 00:00:00,2022-02-24 00:00:00,SHORT_MNQ,WIN,9,14701.0,13144.86,89.88,92.81,10.59,-3.26,7.33,29.5,31.2,44.3,63.5,-19.2,-5.5e-05,0.0
2022-02-11 00:00:00,2022-03-28 00:00:00,SHORT_MNQ,LOSS,30,14240.5,14987.74,93.1,105.96,-5.25,-13.81,-19.06,29.6,32.2,40.2,67.8,-27.6,-0.001122,0.0
2022-02-22 00:00:00,2022-03-22 00:00:00,SHORT_MNQ,LOSS,20,13862.75,14506.17,92.35,111.76,-4.64,-21.02,-25.66,30.2,32.3,38.1,61.0,-22.9,-0.000134,0.0
2022-02-25 00:00:00,2022-03-28 00:00:00,SHORT_MNQ,LOSS,21,14180.5,14870.79,91.59,105.96,-4.87,-15.69,-20.56,33.4,34.5,43.7,58.8,-15.1,-0.000201,0.0
2022-03-01 00:00:00,2022-03-24 00:00:00,SHORT_MNQ,LOSS,17,14005.5,14741.41,103.41,112.34,-5.25,-8.64,-13.89,33.8,37.8,42.2,71.7,-29.5,-0.001256,0.0
2022-03-04 00:00:00,2022-03-22 00:00:00,SHORT_MNQ,LOSS,12,13839.75,14555.44,115.68,111.76,-5.17,3.39,-1.78,33.8,44.7,41.3,76.0,-34.7,-0.001011,0.0
2022-03-07 00:00:00,2022-03-17 00:00:00,SHORT_MNQ,LOSS,8,13320.75,14063.38,119.4,102.98,-5.58,13.75,8.18,34.7,47.4,37.1,77.7,-40.7,-0.001206,0.0
2022-03-08 00:00:00,2022-03-16 00:00:00,SHORT_MNQ,LOSS,6,13267.0,14027.77,123.7,95.04,-5.73,23.17,17.43,35.8,49.9,36.7,79.6,-42.9,-0.000145,0.0
2022-03-09 00:00:00,2022-03-22 00:00:00,SHORT_MNQ,LOSS,9,13734.75,14532.27,108.7,111.76,-5.81,-2.82,-8.62,36.2,48.9,42.5,61.2,-18.8,-0.004275,0.0
2022-03-11 00:00:00,2022-03-17 00:00:00,SHORT_MNQ,LOSS,4,13292.0,14098.52,109.33,102.98,-6.07,5.81,-0.26,37.1,46.8,38.8,60.8,-22.0,-0.000676,0.0
2022-03-28 00:00:00,2022-04-07 00:00:00,LONG_MNQ,LOSS,8,14985.25,14382.77,105.96,96.03,-4.02,9.37,5.35,26.2,32.1,56.7,53.7,3.0,-0.001084,0.0
2022-05-20 00:00:00,2022-05-27 00:00:00,SHORT_MNQ,LOSS,5,11840.75,12603.58,113.23,115.07,-6.44,-1.63,-8.07,30.6,9.5,37.5,56.9,-19.3,-2.9e-05,0.0
2022-05-23 00:00:00,2022-05-31 00:00:00,SHORT_MNQ,LOSS,5,12035.25,12806.2,110.29,114.67,-6.41,-3.97,-10.38,31.4,9.1,39.7,54.1,-14.4,-0.000427,0.0
2022-10-24 00:00:00,2022-11-02 00:00:00,LONG_MNQ,LOSS,7,11478.75,10920.64,84.58,90.0,-4.86,-6.41,-11.27,33.5,14.4,48.1,46.7,1.4,-5.9e-05,0.0
2022-11-02 00:00:00,2022-11-10 00:00:00,SHORT_MNQ,LOSS,6,10944.5,11549.0,90.0,86.47,-5.52,3.92,-1.6,30.2,10.6,42.4,53.7,-11.3,-0.000631,0.0
2022-11-07 00:00:00,2022-11-10 00:00:00,SHORT_MNQ,LOSS,3,11014.25,11572.41,91.79,86.47,-5.07,5.8,0.73,33.3,11.7,44.3,55.3,-11.0,-0.000101,0.0
2022-11-08 00:00:00,2022-11-10 00:00:00,SHORT_MNQ,LOSS,2,11094.25,11649.3,88.91,86.47,-5.0,2.74,-2.26,33.1,11.7,45.5,51.4,-5.9,-0.000228,0.0
2023-03-22 00:00:00,2023-05-17 00:00:00,LONG_MNQ,WIN,39,12707.0,13574.7,70.9,72.83,6.83,-2.72,4.11,17.5,32.4,58.5,42.7,15.8,-0.000282,0.0
2023-03-23 00:00:00,2023-05-18 00:00:00,LONG_MNQ,WIN,39,12854.0,13725.77,69.96,71.86,6.78,-2.72,4.07,18.6,32.3,60.5,41.4,19.1,-0.000153,0.0
2023-03-24 00:00:00,2023-05-18 00:00:00,LONG_MNQ,WIN,38,12890.25,13759.77,69.26,71.86,6.75,-3.75,2.99,19.7,32.9,61.0,40.3,20.6,-2.8e-05,0.0
2023-06-08 00:00:00,2023-06-15 00:00:00,LONG_MNQ,WIN,5,14503.0,15245.93,71.29,70.62,5.12,0.94,6.06,33.4,17.8,66.4,46.8,19.6,-0.000205,0.0
2023-06-09 00:00:00,2023-06-16 00:00:00,LONG_MNQ,WIN,5,14556.25,15316.64,70.17,71.78,5.22,-2.29,2.93,33.6,17.4,67.1,44.9,22.2,-5.8e-05,0.0
2023-06-12 00:00:00,2023-07-13 00:00:00,LONG_MNQ,WIN,21,14800.5,15586.71,67.12,76.89,5.31,-14.56,-9.24,34.1,18.1,70.1,40.2,30.0,-0.000729,0.0
2023-06-14 00:00:00,2023-07-14 00:00:00,LONG_MNQ,WIN,20,15012.75,15779.79,68.27,75.42,5.11,-10.47,-5.36,36.0,19.1,72.5,43.0,29.5,-0.000109,0.0
2023-06-22 00:00:00,2023-06-26 00:00:00,LONG_MNQ,LOSS,2,15214.75,14854.75,69.51,69.37,-2.37,0.2,-2.16,40.5,17.8,70.0,46.0,23.9,-0.000473,0.0
2023-06-26 00:00:00,2023-07-13 00:00:00,LONG_MNQ,WIN,12,14856.5,15621.55,69.37,76.89,5.15,-10.84,-5.69,39.5,18.9,61.3,45.9,15.4,-4.1e-05,0.0
2023-06-27 00:00:00,2023-07-18 00:00:00,LONG_MNQ,WIN,14,15111.5,15911.75,67.7,75.75,5.3,-11.89,-6.6,38.6,19.6,64.6,43.4,21.3,-0.000413,0.0
2023-06-29 00:00:00,2023-07-14 00:00:00,LONG_MNQ,WIN,10,15100.25,15843.02,69.86,75.42,4.92,-7.96,-3.04,37.6,20.8,64.1,47.3,16.8,-8e-06,0.0
2023-07-03 00:00:00,2023-08-16 00:00:00,LONG_MNQ,LOSS,31,15364.75,15008.21,69.79,79.38,-2.32,-13.74,-16.06,38.1,20.3,67.5,47.3,20.2,-2.2e-05,0.0
2023-09-25 00:00:00,2023-10-10 00:00:00,SHORT_MNQ,LOSS,11,14935.25,15241.01,89.68,85.97,-2.05,4.14,2.09,16.6,35.8,43.8,64.3,-20.5,-1.7e-05,0.0
2023-09-26 00:00:00,2023-09-29 00:00:00,SHORT_MNQ,LOSS,3,14715.0,15027.43,90.39,90.79,-2.12,-0.44,-2.57,18.2,34.8,40.0,65.7,-25.7,-0.000117,0.0
2023-09-28 00:00:00,2023-10-09 00:00:00,SHORT_MNQ,LOSS,7,14859.75,15184.61,91.71,86.38,-2.19,5.81,3.63,20.6,35.7,43.5,64.7,-21.2,-0.000172,0.0
2023-09-29 00:00:00,2023-10-09 00:00:00,SHORT_MNQ,LOSS,6,14866.5,15196.63,90.79,86.38,-2.22,4.86,2.64,20.4,35.5,43.7,62.0,-18.3,-5e-06,0.0
2023-11-22 00:00:00,2023-12-18 00:00:00,LONG_MNQ,WIN,17,16049.25,16710.91,77.1,72.47,4.12,6.01,10.13,30.9,30.1,64.1,43.5,20.6,-3.2e-05,0.0
2023-12-01 00:00:00,2023-12-04 00:00:00,LONG_MNQ,LOSS,1,16023.75,15737.28,74.07,73.04,-1.79,1.39,-0.4,34.7,30.2,62.6,40.8,21.8,-6e-05,0.0
2023-12-05 00:00:00,2023-12-13 00:00:00,LONG_MNQ,WIN,6,15908.75,16481.43,72.32,69.47,3.6,3.94,7.54,32.4,30.1,59.1,38.5,20.5,-2.5e-05,0.0
2023-12-07 00:00:00,2023-12-14 00:00:00,LONG_MNQ,WIN,5,16038.75,16651.07,69.34,71.58,3.82,-3.23,0.59,31.2,31.8,60.8,35.0,25.7,-8e-06,0.0
2023-12-12 00:00:00,2023-12-19 00:00:00,LONG_MNQ,WIN,5,16362.75,16982.04,68.61,73.44,3.78,-7.04,-3.26,32.3,32.6,66.1,35.7,30.4,-0.000294,0.0
2023-12-14 00:00:00,2023-12-26 06:00:00,LONG_MNQ,EXPIRED,48,16541.5,17025.75,71.58,73.69,2.93,-2.95,-0.02,35.3,32.4,68.3,41.7,26.5,-4.1e-05,0.0
2023-12-22 16:00:00,2023-12-22 19:00:00,LONG_MNQ,LOSS,3,16989.75,16948.31,73.9,73.65,-0.24,0.34,0.09,41.2,9.0,65.2,46.4,18.9,-1e-06,16.0
2023-12-27 16:00:00,2023-12-28 01:00:00,LONG_MNQ,WIN,8,17088.0,17149.55,74.4,74.29,0.36,0.15,0.51,30.3,23.6,60.2,44.2,16.0,-4e-06,16.0
2024-01-03 12:00:00,2024-01-03 13:00:00,SHORT_MNQ,LOSS,1,16609.25,16644.98,70.98,70.67,-0.22,0.44,0.22,76.5,33.3,33.3,48.1,-14.8,-1.8e-05,12.0
2024-01-03 20:00:00,2024-01-05 10:00:00,SHORT_MNQ,WIN,36,16540.75,16375.8,73.03,72.6,1.0,0.59,1.59,79.2,33.1,32.1,61.2,-29.1,-8e-06,20.0
2024-01-03 21:00:00,2024-01-05 10:00:00,SHORT_MNQ,WIN,35,16542.25,16376.55,73.02,72.6,1.0,0.58,1.58,79.3,33.6,32.3,61.1,-28.8,-0.0,21.0
2024-01-04 04:00:00,2024-01-05 06:00:00,SHORT_MNQ,WIN,25,16548.75,16416.59,73.18,72.72,0.8,0.63,1.43,74.6,35.7,33.8,61.5,-27.7,-0.0,4.0
2024-01-04 08:00:00,2024-01-04 13:00:00,SHORT_MNQ,WIN,5,16549.75,16457.07,73.74,73.39,0.56,0.47,1.03,67.5,38.5,35.7,65.2,-29.5,-7e-06,8.0
2024-01-05 04:00:00,2024-01-05 15:00:00,SHORT_MNQ,LOSS,11,16443.0,16500.94,72.71,73.56,-0.35,-1.17,-1.52,46.0,27.8,33.8,52.6,-18.8,-0.0,4.0
2024-01-08 16:00:00,2024-01-08 20:00:00,LONG_MNQ,WIN,4,16677.0,16805.14,70.32,71.03,0.77,-1.01,-0.24,25.2,33.7,68.2,30.8,37.4,-7e-06,16.0
2024-01-19 16:00:00,2024-01-19 18:00:00,LONG_MNQ,WIN,2,17265.75,17374.23,73.64,73.32,0.63,0.43,1.06,36.9,27.6,70.0,49.6,20.4,-2e-05,16.0
2024-01-19 21:00:00,2024-01-24 06:00:00,LONG_MNQ,WIN,41,17463.25,17612.34,73.71,74.58,0.85,-1.18,-0.33,43.1,22.1,80.1,50.5,29.6,-2e-06,21.0
2024-01-22 00:00:00,2024-01-22 15:00:00,LONG_MNQ,LOSS,12,17557.0,17477.18,73.39,74.73,-0.45,-1.83,-2.28,46.6,22.0,83.4,47.0,36.4,-1e-05,0.0
2024-01-22 04:00:00,2024-01-22 15:00:00,LONG_MNQ,LOSS,9,17551.0,17476.0,73.16,74.73,-0.43,-2.15,-2.57,51.5,21.3,81.9,45.1,36.8,-1e-06,4.0
2024-01-22 08:00:00,2024-01-22 15:00:00,LONG_MNQ,LOSS,7,17534.25,17465.33,73.16,74.73,-0.39,-2.15,-2.54,52.6,21.5,79.0,45.2,33.9,-0.0,8.0
2024-01-23 08:00:00,2024-01-23 13:00:00,SHORT_MNQ,LOSS,5,17437.5,17512.58,74.81,73.59,-0.43,1.63,1.2,34.7,21.6,56.1,57.4,-1.3,-1.2e-05,8.0
2024-01-24 20:00:00,2024-01-25 13:00:00,SHORT_MNQ,LOSS,16,17624.75,17704.62,75.45,76.16,-0.45,-0.94,-1.39,37.9,15.2,54.6,57.6,-2.9,-9e-06,20.0
2024-01-24 21:00:00,2024-01-25 14:00:00,SHORT_MNQ,LOSS,16,17633.0,17717.21,75.36,76.64,-0.48,-1.7,-2.18,35.7,15.7,55.4,56.7,-1.2,-1e-06,21.0
2024-01-25 00:00:00,2024-01-25 13:00:00,SHORT_MNQ,LOSS,13,17622.75,17707.1,75.4,76.16,-0.48,-1.01,-1.49,32.0,16.4,54.1,56.9,-2.8,-0.0,0.0
2024-01-26 00:00:00,2024-01-26 15:00:00,SHORT_MNQ,LOSS,15,17530.75,17624.82,77.26,77.21,-0.54,0.06,-0.47,20.0,32.1,42.6,64.3,-21.7,-1e-06,0.0
2024-01-26 08:00:00,2024-01-26 11:00:00,SHORT_MNQ,LOSS,3,17483.0,17547.47,76.8,76.78,-0.37,0.03,-0.34,26.8,30.5,39.8,57.0,-17.2,-0.0,8.0
2024-01-30 08:00:00,2024-01-30 13:00:00,LONG_MNQ,LOSS,5,17714.0,17666.59,76.74,76.22,-0.27,0.68,0.41,38.2,25.0,60.8,43.6,17.2,-2e-06,8.0
2024-01-30 20:00:00,2024-01-30 23:00:00,SHORT_MNQ,WIN,2,17584.25,17461.89,77.82,77.8,0.7,0.03,0.72,32.3,20.7,43.8,56.7,-12.9,-0.0,20.0
2024-01-31 00:00:00,2024-01-31 15:00:00,SHORT_MNQ,WIN,15,17446.5,17303.62,77.99,76.89,0.82,1.41,2.23,38.9,18.6,32.0,58.5,-26.6,-0.0,0.0
2024-02-02 08:00:00,2024-02-02 13:00:00,LONG_MNQ,LOSS,5,17616.25,17544.87,73.78,73.32,-0.41,0.62,0.22,41.2,38.2,63.5,34.3,29.2,-6e-06,8.0
2024-02-02 12:00:00,2024-02-02 13:00:00,LONG_MNQ,LOSS,1,17623.5,17583.46,73.7,73.32,-0.23,0.52,0.29,45.3,38.5,63.8,35.7,28.1,-1e-06,12.0
2024-02-02 16:00:00,2024-02-05 15:00:00,LONG_MNQ,LOSS,22,17702.5,17617.72,72.08,71.8,-0.48,0.39,-0.09,36.4,45.3,63.9,26.8,37.1,-7e-06,16.0
2024-02-02 20:00:00,2024-02-05 15:00:00,LONG_MNQ,LOSS,18,17729.25,17625.11,72.16,71.8,-0.59,0.5,-0.09,35.8,51.7,63.7,30.9,32.8,-3e-06,20.0
2024-02-02 21:00:00,2024-02-05 15:00:00,LONG_MNQ,LOSS,17,17686.0,17578.83,72.41,71.8,-0.61,0.84,0.24,34.7,52.2,59.6,34.0,25.5,-8e-06,21.0
2024-02-05 08:00:00,2024-02-05 15:00:00,LONG_MNQ,LOSS,7,17718.0,17669.06,72.22,71.8,-0.28,0.58,0.31,24.9,43.5,61.3,36.4,25.0,-1e-06,8.0
2024-02-08 12:00:00,2024-02-08 14:00:00,SHORT_MNQ,LOSS,2,17807.5,17833.29,74.86,75.28,-0.14,-0.56,-0.71,31.6,22.7,54.4,67.0,-12.6,-1e-06,12.0
2024-02-12 08:00:00,2024-02-12 14:00:00,LONG_MNQ,LOSS,6,18043.5,18014.95,76.34,76.74,-0.16,-0.52,-0.68,41.7,21.5,71.2,54.7,16.5,-1e-06,8.0
2024-02-12 12:00:00,2024-02-12 14:00:00,LONG_MNQ,LOSS,2,18040.25,18016.17,76.12,76.74,-0.13,-0.81,-0.95,41.3,21.2,68.4,50.3,18.2,-1e-06,12.0
2024-02-13 12:00:00,2024-02-13 13:00:00,SHORT_MNQ,LOSS,1,17832.5,17870.16,77.49,77.21,-0.21,0.36,0.15,33.6,21.3,32.2,62.1,-29.8,-0.0,12.0
2024-02-13 16:00:00,2024-02-14 12:00:00,SHORT_MNQ,LOSS,19,17721.75,17811.13,77.85,77.97,-0.5,-0.15,-0.66,39.3,18.1,31.2,64.6,-33.4,-3e-06,16.0
2024-02-13 21:00:00,2024-02-14 15:00:00,SHORT_MNQ,LOSS,17,17699.0,17820.37,77.77,77.87,-0.69,-0.13,-0.81,41.6,21.2,37.6,61.1,-23.6,-1e-06,21.0
2024-02-16 08:00:00,2024-02-16 13:00:00,LONG_MNQ,LOSS,5,18008.5,17956.4,77.69,78.44,-0.29,-0.97,-1.25,16.0,30.3,66.2,52.3,13.9,-1e-05,8.0
2024-02-19 04:00:00,2024-02-20 00:00:00,SHORT_MNQ,WIN,1,17779.25,17575.3,78.7,78.18,1.15,0.66,1.81,30.9,26.9,43.2,57.3,-14.1,-1e-06,4.0
2024-02-23 12:00:00,2024-02-23 14:00:00,LONG_MNQ,WIN,2,18042.25,18107.45,77.29,76.95,0.36,0.44,0.8,37.7,25.9,65.7,39.3,26.4,-0.0,12.0
2024-02-26 21:00:00,2024-02-27 10:00:00,SHORT_MNQ,LOSS,12,17949.25,18019.67,77.6,77.41,-0.39,0.24,-0.15,19.7,40.4,46.4,57.1,-10.6,-1e-06,21.0
2024-02-27 00:00:00,2024-02-27 12:00:00,SHORT_MNQ,LOSS,12,17958.5,18026.35,77.66,77.42,-0.38,0.31,-0.07,20.2,39.7,47.7,57.7,-10.1,-0.0,0.0
2024-02-29 12:00:00,2024-02-29 13:00:00,SHORT_MNQ,LOSS,1,17873.25,17911.79,78.57,78.85,-0.22,-0.36,-0.57,35.0,11.5,43.2,53.5,-10.4,-4e-06,12.0
2024-03-12 20:00:00,2024-03-14 23:00:00,LONG_MNQ,EXPIRED,48,18224.0,18238.5,78.03,81.09,0.08,-3.92,-3.84,35.8,13.8,51.8,49.4,2.5,-0.0,20.0
2024-03-13 00:00:00,2024-03-14 14:00:00,LONG_MNQ,LOSS,37,18462.25,17982.89,77.93,81.26,-2.6,-4.27,-6.87,37.6,13.3,58.2,48.2,10.0,-1e-05,0.0
2024-03-13 08:00:00,2024-03-15 10:00:00,SHORT_MNQ,EXPIRED,48,18212.25,18060.5,78.17,80.88,0.83,-3.47,-2.63,38.2,12.0,49.0,51.5,-2.6,-6.5e-05,8.0
2024-03-14 16:00:00,2024-03-18 18:00:00,SHORT_MNQ,EXPIRED,48,18252.25,18277.25,81.51,82.83,-0.14,-1.62,-1.76,27.0,49.5,48.7,74.2,-25.5,-1.2e-05,16.0
2024-03-15 16:00:00,2024-03-19 18:00:00,SHORT_MNQ,EXPIRED,48,18010.75,18266.0,81.24,83.52,-1.42,-2.81,-4.22,37.4,31.5,44.1,60.2,-16.1,-5e-06,16.0
2024-03-18 12:00:00,2024-03-18 14:00:00,LONG_MNQ,WIN,2,18276.75,18364.12,81.32,81.75,0.48,-0.53,-0.05,25.2,40.9,55.5,54.5,1.0,-2e-06,12.0
2024-03-19 12:00:00,2024-03-19 16:00:00,SHORT_MNQ,LOSS,4,18131.0,18195.58,82.63,83.74,-0.36,-1.34,-1.7,19.0,43.9,45.2,59.9,-14.6,-0.0,12.0
2024-03-20 16:00:00,2024-03-20 18:00:00,LONG_MNQ,WIN,2,18290.0,18402.77,81.55,81.84,0.62,-0.36,0.26,13.3,41.0,55.7,35.8,19.9,-1e-06,16.0
2024-03-21 00:00:00,2024-03-25 08:00:00,LONG_MNQ,EXPIRED,48,18561.0,18551.25,81.07,81.07,-0.05,0.0,-0.05,18.6,44.9,72.4,33.6,38.8,-7.3e-05,0.0
2024-03-21 20:00:00,2024-03-22 12:00:00,LONG_MNQ,LOSS,15,18579.75,18495.64,80.82,81.25,-0.45,-0.53,-0.98,37.4,56.4,61.1,40.3,20.7,-3e-06,20.0
2024-03-22 16:00:00,2024-03-25 09:00:00,LONG_MNQ,LOSS,16,18580.0,18520.59,80.58,81.15,-0.32,-0.71,-1.03,16.8,34.2,57.0,41.8,15.2,-3e-06,16.0
2024-03-27 12:00:00,2024-03-27 13:00:00,LONG_MNQ,LOSS,1,18548.25,18515.65,81.04,81.21,-0.18,-0.21,-0.39,20.4,33.6,53.2,44.8,8.4,-5e-06,12.0
2024-04-01 12:00:00,2024-04-01 13:00:00,SHORT_MNQ,LOSS,1,18515.25,18554.97,83.38,83.22,-0.21,0.19,-0.02,19.7,31.2,47.5,61.6,-14.1,-9e-06,12.0
2024-04-05 00:00:00,2024-04-05 13:00:00,SHORT_MNQ,LOSS,13,18096.5,18206.88,86.97,86.58,-0.61,0.45,-0.16,32.6,27.0,31.5,69.4,-37.9,-0.0,0.0
2024-04-05 04:00:00,2024-04-05 13:00:00,SHORT_MNQ,LOSS,9,18111.75,18212.22,86.67,86.58,-0.55,0.1,-0.45,36.2,27.5,34.5,62.5,-28.1,-0.0,4.0
2024-04-15 08:00:00,2024-04-15 14:00:00,LONG_MNQ,LOSS,6,18276.0,18214.77,84.69,84.73,-0.34,-0.05,-0.38,30.8,17.4,49.1,39.3,9.8,-1e-06,8.0
2024-04-15 20:00:00,2024-04-17 16:00:00,SHORT_MNQ,WIN,42,17875.0,17634.57,85.65,82.99,1.35,3.11,4.45,34.8,18.2,27.6,53.5,-25.9,-0.0,20.0
2024-04-16 04:00:00,2024-04-16 18:00:00,SHORT_MNQ,LOSS,14,17843.5,17954.23,85.92,85.45,-0.62,0.55,-0.07,46.6,19.0,27.9,55.5,-27.6,-0.0,4.0
2024-04-18 12:00:00,2024-04-18 13:00:00,SHORT_MNQ,WIN,1,17681.75,17588.7,82.9,82.89,0.53,0.01,0.54,25.6,49.7,38.7,43.2,-4.5,-1.6e-05,12.0
2024-04-18 16:00:00,2024-04-19 00:00:00,SHORT_MNQ,WIN,7,17610.5,17432.86,83.18,83.0,1.01,0.22,1.23,29.8,39.1,37.8,48.2,-10.5,-2.9e-05,16.0
2024-04-19 00:00:00,2024-04-19 02:00:00,SHORT_MNQ,WIN,2,17437.0,17213.71,83.0,85.55,1.28,-3.07,-1.79,41.7,26.7,29.3,48.1,-18.7,-1.5e-05,0.0
2024-04-19 04:00:00,2024-04-19 11:00:00,SHORT_MNQ,LOSS,7,17367.5,17501.35,84.25,82.2,-0.77,2.43,1.66,48.0,31.2,32.2,55.5,-23.3,-1.2e-05,4.0
2024-04-19 16:00:00,2024-04-22 17:00:00,SHORT_MNQ,LOSS,23,17284.0,17399.74,83.55,82.84,-0.67,0.85,0.18,37.5,18.5,33.3,51.8,-18.5,-2e-06,16.0
2024-04-29 00:00:00,2024-04-29 19:00:00,LONG_MNQ,LOSS,19,17884.5,17798.97,83.28,82.71,-0.48,0.68,0.21,38.8,21.4,64.3,46.1,18.1,-0.0,0.0
2024-04-29 04:00:00,2024-04-29 13:00:00,LONG_MNQ,LOSS,9,17910.75,17851.47,83.16,83.43,-0.33,-0.32,-0.66,41.7,26.6,65.7,44.9,20.8,-0.0,4.0
2024-04-29 12:00:00,2024-04-29 13:00:00,LONG_MNQ,LOSS,1,17922.0,17880.51,83.25,83.43,-0.23,-0.22,-0.45,39.2,23.8,63.1,46.7,16.5,-3e-06,12.0
2024-04-30 12:00:00,2024-04-30 13:00:00,SHORT_MNQ,LOSS,1,17826.5,17864.75,82.94,81.37,-0.21,1.89,1.68,26.5,30.2,44.3,49.6,-5.3,-1e-06,12.0
2024-05-02 12:00:00,2024-05-02 13:00:00,LONG_MNQ,LOSS,1,17577.0,17527.66,79.13,78.86,-0.28,0.34,0.06,48.9,31.8,50.1,37.2,13.0,-3e-06,12.0
2024-05-03 12:00:00,2024-05-03 14:00:00,LONG_MNQ,WIN,2,17924.0,18036.34,79.07,78.47,0.63,0.76,1.39,37.6,19.5,69.7,44.0,25.6,-2.6e-05,12.0
2024-05-03 16:00:00,2024-05-06 18:00:00,LONG_MNQ,WIN,25,17972.0,18152.59,78.41,78.69,1.0,-0.36,0.65,45.3,20.7,67.1,36.9,30.2,-1e-06,16.0
2024-05-03 20:00:00,2024-05-07 13:00:00,LONG_MNQ,WIN,39,18027.75,18224.95,77.99,77.97,1.09,0.03,1.12,51.6,24.5,69.3,33.4,35.9,-3e-06,20.0
2024-05-06 00:00:00,2024-05-07 13:00:00,LONG_MNQ,WIN,36,18006.25,18206.61,78.27,77.97,1.11,0.38,1.5,54.0,22.4,66.6,39.8,26.8,-0.0,0.0
2024-05-06 16:00:00,2024-05-07 13:00:00,LONG_MNQ,WIN,20,18117.25,18208.86,78.42,77.97,0.51,0.57,1.08,56.9,17.3,70.5,43.6,26.8,-1e-06,16.0
2024-05-07 12:00:00,2024-05-07 15:00:00,LONG_MNQ,WIN,3,18192.0,18254.68,77.94,78.38,0.34,-0.56,-0.22,50.6,22.9,65.7,38.8,26.9,-6e-06,12.0
2024-05-07 20:00:00,2024-05-08 12:00:00,LONG_MNQ,LOSS,15,18198.0,18136.18,78.37,77.58,-0.34,1.01,0.67,40.2,21.1,61.0,46.9,14.1,-0.0,20.0
2024-05-08 00:00:00,2024-05-08 11:00:00,LONG_MNQ,LOSS,11,18209.25,18154.04,78.26,77.46,-0.3,1.02,0.72,33.0,20.3,62.4,45.1,17.2,-0.0,0.0
2024-05-09 04:00:00,2024-05-09 12:00:00,SHORT_MNQ,LOSS,8,18149.5,18198.09,79.46,79.51,-0.27,-0.06,-0.33,16.0,32.1,47.8,63.9,-16.1,-0.0,4.0
2024-05-09 08:00:00,2024-05-09 11:00:00,SHORT_MNQ,LOSS,3,18124.75,18156.73,79.65,79.54,-0.18,0.14,-0.04,19.6,32.9,44.0,65.0,-21.1,-0.0,8.0
2024-05-13 00:00:00,2024-05-14 12:00:00,LONG_MNQ,LOSS,35,18258.0,18192.35,78.04,78.54,-0.36,-0.64,-1.0,17.2,39.2,54.0,32.6,21.4,-0.0,0.0
2024-05-14 20:00:00,2024-05-15 14:00:00,LONG_MNQ,WIN,17,18410.5,18557.18,78.45,77.42,0.8,1.31,2.11,22.3,32.3,68.5,46.5,22.0,-0.0,20.0
2024-05-16 20:00:00,2024-05-20 13:00:00,SHORT_MNQ,LOSS,39,18638.75,18694.06,79.36,80.06,-0.3,-0.88,-1.18,36.3,18.9,52.1,56.7,-4.6,-1e-06,20.0
2024-05-23 04:00:00,2024-05-23 13:00:00,LONG_MNQ,LOSS,9,18964.0,18876.92,77.08,78.26,-0.46,-1.53,-1.99,20.3,30.8,70.3,38.5,31.8,-0.0,4.0
2024-05-29 08:00:00,2024-05-29 23:00:00,SHORT_MNQ,WIN,14,18823.25,18706.3,80.47,79.24,0.62,1.53,2.15,26.2,63.5,43.4,71.4,-28.0,-4e-06,8.0
2024-05-29 16:00:00,2024-05-29 19:00:00,LONG_MNQ,LOSS,3,18872.0,18802.65,79.23,79.02,-0.37,0.27,-0.1,32.8,50.4,50.8,46.2,4.6,-0.0,16.0
2024-05-30 12:00:00,2024-05-30 13:00:00,LONG_MNQ,LOSS,1,18765.25,18723.46,78.83,79.02,-0.22,-0.24,-0.46,38.6,20.7,47.7,43.1,4.7,-3e-06,12.0
2024-05-31 20:00:00,2024-06-04 23:00:00,LONG_MNQ,EXPIRED,48,18571.75,18737.75,77.18,72.97,0.89,5.45,6.35,33.2,25.6,49.8,39.3,10.5,-0.0,20.0
2024-06-03 20:00:00,2024-06-04 08:00:00,LONG_MNQ,LOSS,11,18663.0,18552.59,74.0,72.76,-0.59,1.68,1.08,18.8,39.4,53.7,23.2,30.5,-0.0,20.0
2024-06-04 00:00:00,2024-06-04 07:00:00,LONG_MNQ,LOSS,7,18671.0,18568.14,73.95,72.93,-0.55,1.38,0.83,15.9,44.4,54.2,23.6,30.6,-2e-06,0.0
2024-06-05 08:00:00,2024-06-05 14:00:00,LONG_MNQ,WIN,6,18755.5,18864.57,73.08,73.52,0.58,-0.6,-0.02,25.4,31.2,60.5,38.7,21.7,-6e-06,8.0
2024-06-12 20:00:00,2024-06-13 16:00:00,LONG_MNQ,LOSS,19,19610.0,19502.96,78.32,78.56,-0.55,-0.31,-0.85,48.7,30.1,81.3,52.6,28.7,-2e-06,20.0
2024-06-18 16:00:00,2024-06-24 06:00:00,SHORT_MNQ,EXPIRED,48,19929.0,19995.25,81.08,80.66,-0.33,0.52,0.19,42.0,38.6,50.1,68.7,-18.6,-0.0,16.0
2024-06-18 20:00:00,2024-06-24 10:00:00,SHORT_MNQ,EXPIRED,48,19933.5,19967.5,81.55,80.99,-0.17,0.69,0.52,37.2,42.2,49.4,71.9,-22.6,-6e-06,20.0
2024-06-20 00:00:00,2024-06-20 04:00:00,SHORT_MNQ,LOSS,1,19763.25,20246.36,82.17,81.38,-2.44,0.96,-1.48,34.1,46.2,45.6,74.6,-29.1,-0.000183,0.0
2024-06-20 16:00:00,2024-06-25 07:00:00,SHORT_MNQ,EXPIRED,48,20079.5,19739.25,82.1,81.52,1.69,0.71,2.4,23.5,49.5,49.6,62.3,-12.7,-1.2e-05,16.0
2024-06-24 16:00:00,2024-06-25 15:00:00,SHORT_MNQ,LOSS,22,19851.0,19943.28,81.66,81.14,-0.46,0.64,0.17,35.2,19.4,44.3,58.2,-13.9,-5e-06,16.0
2024-06-25 00:00:00,2024-06-25 11:00:00,SHORT_MNQ,LOSS,11,19753.0,19847.45,81.79,80.92,-0.48,1.06,0.59,47.4,17.0,41.3,58.7,-17.4,-1e-06,0.0
2024-06-25 20:00:00,2024-06-27 00:00:00,LONG_MNQ,LOSS,26,19970.0,19881.74,80.78,80.59,-0.44,0.24,-0.21,30.2,17.1,55.5,43.5,12.0,-0.0,20.0
2024-07-02 08:00:00,2024-07-02 13:00:00,SHORT_MNQ,LOSS,5,19959.0,20016.62,83.88,83.8,-0.29,0.1,-0.19,19.0,39.1,45.6,74.1,-28.6,-1e-06,8.0
2024-07-05 20:00:00,2024-07-09 00:00:00,LONG_MNQ,WIN,26,20590.25,20746.79,83.44,82.28,0.76,1.39,2.15,73.5,24.1,68.1,49.7,18.3,-6e-06,20.0
2024-07-08 16:00:00,2024-07-08 23:00:00,LONG_MNQ,WIN,6,20634.75,20718.16,82.52,82.23,0.4,0.35,0.76,62.0,26.0,64.3,43.6,20.7,-4e-06,16.0
2024-07-08 20:00:00,2024-07-09 17:00:00,LONG_MNQ,LOSS,20,20684.75,20627.8,82.22,81.68,-0.28,0.66,0.38,56.2,25.9,67.8,40.7,27.1,-0.0,20.0
2024-07-09 00:00:00,2024-07-09 16:00:00,LONG_MNQ,LOSS,16,20728.0,20665.64,82.28,81.74,-0.3,0.66,0.36,55.9,25.7,70.0,42.1,28.0,-0.0,0.0
2024-07-09 08:00:00,2024-07-09 14:00:00,LONG_MNQ,LOSS,6,20733.0,20689.12,81.78,82.33,-0.21,-0.67,-0.88,50.9,24.5,67.8,37.3,30.6,-0.0,8.0
2024-07-11 20:00:00,2024-07-12 14:00:00,SHORT_MNQ,LOSS,17,20433.5,20554.73,82.84,83.11,-0.59,-0.33,-0.92,39.5,13.4,27.7,55.9,-28.2,-1e-06,20.0
2024-07-12 04:00:00,2024-07-12 13:00:00,SHORT_MNQ,LOSS,9,20395.75,20511.44,82.95,83.0,-0.57,-0.06,-0.63,46.5,9.6,27.9,55.8,-27.9,-0.0,4.0
2024-07-17 12:00:00,2024-07-17 14:00:00,SHORT_MNQ,WIN,2,20280.25,20131.96,81.6,82.49,0.73,-1.09,-0.36,38.8,26.6,24.6,56.3,-31.8,-1e-06,12.0
2024-07-17 16:00:00,2024-07-18 15:00:00,SHORT_MNQ,WIN,22,20063.0,19857.07,82.79,83.01,1.03,-0.27,0.76,49.2,34.0,16.4,68.5,-52.1,-0.0,16.0
2024-07-18 00:00:00,2024-07-18 15:00:00,SHORT_MNQ,WIN,15,20063.25,19863.11,83.2,83.01,1.0,0.23,1.23,59.4,43.6,24.8,71.4,-46.6,-0.0,0.0
2024-07-22 12:00:00,2024-07-22 15:00:00,LONG_MNQ,LOSS,3,19912.75,19828.7,79.4,79.79,-0.42,-0.49,-0.91,25.2,51.4,52.4,31.2,21.2,-2e-06,12.0
2024-07-23 00:00:00,2024-07-23 22:00:00,LONG_MNQ,LOSS,21,19937.5,19826.55,78.27,77.42,-0.56,1.09,0.53,19.4,56.2,51.6,29.1,22.5,-0.0,0.0
2024-07-23 04:00:00,2024-07-23 22:00:00,LONG_MNQ,LOSS,17,19941.25,19846.43,78.36,77.42,-0.48,1.2,0.72,15.4,54.4,51.7,31.4,20.2,-0.0,4.0
2024-07-24 16:00:00,2024-07-25 08:00:00,SHORT_MNQ,WIN,15,19321.75,19111.8,77.84,76.79,1.09,1.35,2.44,46.2,30.8,22.2,48.5,-26.3,-0.0,16.0
2024-07-26 00:00:00,2024-07-26 16:00:00,SHORT_MNQ,LOSS,16,19048.25,19256.91,78.22,77.42,-1.1,1.02,-0.07,56.4,33.4,38.0,57.0,-19.0,-1e-06,0.0
2024-07-26 04:00:00,2024-07-26 16:00:00,SHORT_MNQ,LOSS,12,19104.25,19270.51,78.44,77.42,-0.87,1.3,0.43,51.0,35.5,41.6,58.5,-16.8,-0.0,4.0
2024-08-12 16:00:00,2024-08-13 06:00:00,SHORT_MNQ,LOSS,13,18621.75,18741.86,79.08,79.74,-0.64,-0.83,-1.48,12.8,33.8,53.0,79.3,-26.3,-2.3e-05,16.0
2024-08-12 20:00:00,2024-08-13 07:00:00,SHORT_MNQ,LOSS,10,18623.5,18756.22,79.66,79.64,-0.71,0.03,-0.69,10.5,45.9,52.8,78.5,-25.7,-0.0,20.0
2024-08-13 20:00:00,2024-08-14 14:00:00,LONG_MNQ,LOSS,17,19100.5,18984.62,78.66,77.57,-0.61,1.39,0.78,36.3,38.3,71.4,50.2,21.2,-0.0,20.0
2024-08-14 00:00:00,2024-08-14 14:00:00,LONG_MNQ,LOSS,14,19108.0,18998.74,78.82,77.57,-0.57,1.59,1.01,42.1,32.0,71.1,52.3,18.8,-0.0,0.0
2024-08-15 00:00:00,2024-08-15 13:00:00,LONG_MNQ,WIN,13,19165.75,19440.14,77.13,78.04,1.43,-1.18,0.25,27.3,34.0,60.7,36.3,24.4,-6e-06,0.0
2024-08-20 00:00:00,2024-08-20 14:00:00,LONG_MNQ,LOSS,12,19865.75,19781.56,74.0,74.24,-0.42,-0.32,-0.75,23.3,31.4,72.0,27.7,44.2,-1e-06,0.0
2024-08-21 16:00:00,2024-08-22 15:00:00,LONG_MNQ,LOSS,22,19870.5,19768.53,72.03,73.25,-0.51,-1.69,-2.21,29.1,34.1,56.6,35.3,21.4,-1.2e-05,16.0
2024-08-21 20:00:00,2024-08-22 15:00:00,LONG_MNQ,LOSS,18,19915.75,19815.79,71.94,73.25,-0.5,-1.82,-2.32,31.5,35.5,59.8,36.7,23.1,-0.0,20.0
2024-08-22 04:00:00,2024-08-22 15:00:00,LONG_MNQ,LOSS,11,19900.75,19812.87,71.75,73.25,-0.44,-2.09,-2.53,28.8,37.9,56.5,36.6,19.9,-1e-06,4.0
2024-08-22 08:00:00,2024-08-22 13:00:00,LONG_MNQ,WIN,5,19917.25,20023.38,71.85,72.58,0.53,-1.02,-0.48,26.9,39.1,57.9,38.6,19.3,-0.0,8.0
2024-08-23 00:00:00,2024-08-23 13:00:00,SHORT_MNQ,LOSS,13,19637.0,19770.85,73.17,74.27,-0.68,-1.5,-2.18,37.2,21.1,36.0,53.5,-17.5,-0.0,0.0
2024-08-23 16:00:00,2024-08-23 19:00:00,SHORT_MNQ,LOSS,3,19680.5,19783.36,74.81,74.87,-0.52,-0.08,-0.6,26.3,33.3,42.2,69.3,-27.1,-2e-06,16.0
2024-08-26 20:00:00,2024-08-27 14:00:00,SHORT_MNQ,LOSS,17,19549.75,19668.06,77.16,76.24,-0.61,1.19,0.59,30.9,66.9,37.9,70.8,-32.9,-3e-06,20.0
2024-08-27 16:00:00,2024-08-28 13:00:00,LONG_MNQ,LOSS,20,19625.0,19532.13,75.46,74.63,-0.47,1.1,0.63,29.6,39.8,48.7,39.0,9.7,-4e-06,16.0
2024-08-27 20:00:00,2024-08-28 13:00:00,LONG_MNQ,LOSS,16,19636.25,19531.04,75.76,74.63,-0.54,1.49,0.96,22.4,39.9,49.3,43.7,5.6,-0.0,20.0
2024-08-28 04:00:00,2024-08-28 13:00:00,LONG_MNQ,LOSS,9,19630.75,19549.27,75.53,74.63,-0.42,1.19,0.78,19.1,36.8,49.6,40.9,8.7,-1e-06,4.0
2024-08-28 08:00:00,2024-08-28 11:00:00,LONG_MNQ,LOSS,3,19682.0,19628.4,75.0,74.39,-0.27,0.81,0.54,15.6,38.1,54.5,34.7,19.7,-9e-06,8.0
2024-08-29 08:00:00,2024-08-29 14:00:00,LONG_MNQ,WIN,6,19413.25,19666.05,74.14,76.3,1.3,-2.91,-1.61,36.0,34.1,47.2,38.3,8.9,-1.8e-05,8.0
2024-08-30 20:00:00,2024-09-03 00:00:00,LONG_MNQ,LOSS,7,19594.25,19479.42,73.65,70.34,-0.59,4.49,3.91,15.5,35.8,56.6,35.7,20.9,-1e-06,20.0
2024-09-04 16:00:00,2024-09-04 19:00:00,LONG_MNQ,LOSS,3,19065.25,18932.31,69.78,68.89,-0.7,1.28,0.58,53.5,47.0,47.8,40.4,7.4,-4e-06,16.0
2024-09-05 12:00:00,2024-09-05 13:00:00,SHORT_MNQ,LOSS,1,18889.75,18986.26,69.8,69.8,-0.51,0.0,-0.51,31.9,21.8,42.6,46.2,-3.6,-6e-06,12.0
2024-09-13 16:00:00,2024-09-16 10:00:00,LONG_MNQ,LOSS,17,19542.75,19469.04,68.96,68.87,-0.38,0.13,-0.25,35.3,35.0,71.3,50.0,21.3,-2e-06,16.0
2024-09-17 16:00:00,2024-09-18 07:00:00,SHORT_MNQ,LOSS,14,19402.25,19721.46,71.71,70.65,-1.65,1.48,-0.17,35.9,27.0,45.1,67.2,-22.0,-8.4e-05,16.0
2024-09-20 12:00:00,2024-09-20 13:00:00,LONG_MNQ,LOSS,1,20064.0,19994.14,71.67,71.38,-0.35,0.4,0.06,35.7,17.1,59.8,53.2,6.5,-3e-06,12.0
2024-09-26 08:00:00,2024-09-26 13:00:00,LONG_MNQ,LOSS,5,20467.25,20406.42,68.3,67.41,-0.3,1.3,1.01,34.1,37.2,75.0,29.3,45.7,-1e-06,8.0
2024-09-27 12:00:00,2024-09-27 14:00:00,LONG_MNQ,LOSS,2,20377.0,20300.18,67.5,67.98,-0.38,-0.71,-1.09,19.2,43.1,55.6,40.4,15.2,-7e-06,12.0
2024-09-27 20:00:00,2024-10-01 01:00:00,SHORT_MNQ,LOSS,27,20194.0,20294.5,68.64,68.26,-0.5,0.55,0.06,21.5,30.5,42.5,53.9,-11.4,-2e-06,20.0
2024-10-02 04:00:00,2024-10-02 15:00:00,SHORT_MNQ,LOSS,11,19929.5,20070.93,70.99,69.95,-0.71,1.46,0.76,33.8,23.5,38.2,61.8,-23.6,-4e-06,4.0
2024-10-07 00:00:00,2024-10-07 09:00:00,LONG_MNQ,LOSS,9,20217.5,20084.16,74.09,76.08,-0.66,-2.69,-3.35,37.6,23.9,58.4,55.0,3.4,-2e-06,0.0
2024-10-07 04:00:00,2024-10-07 08:00:00,LONG_MNQ,LOSS,4,20216.75,20119.41,74.15,75.95,-0.48,-2.43,-2.91,40.7,21.5,58.2,55.4,2.8,-0.0,4.0
2024-10-07 08:00:00,2024-10-07 14:00:00,SHORT_MNQ,LOSS,6,20112.75,20186.87,75.95,76.06,-0.37,-0.14,-0.51,35.6,21.2,49.6,68.8,-19.1,-1.7e-05,8.0
2024-10-10 12:00:00,2024-10-10 14:00:00,SHORT_MNQ,LOSS,2,20361.0,20414.04,74.69,75.0,-0.26,-0.42,-0.68,35.7,12.6,51.2,57.1,-5.9,-4.3e-05,12.0
2024-10-14 20:00:00,2024-10-15 14:00:00,LONG_MNQ,LOSS,17,20637.5,20559.55,71.86,70.06,-0.38,2.5,2.13,39.5,18.1,65.3,31.2,34.1,-2.2e-05,20.0
2024-10-15 00:00:00,2024-10-15 14:00:00,LONG_MNQ,LOSS,14,20602.75,20525.77,71.77,70.06,-0.37,2.38,2.01,42.3,25.6,60.3,32.0,28.3,-2e-06,0.0
2024-10-15 12:00:00,2024-10-15 14:00:00,LONG_MNQ,LOSS,2,20624.25,20584.21,70.66,70.06,-0.19,0.85,0.65,31.1,43.8,59.6,33.7,25.8,-0.0,12.0
2024-10-16 12:00:00,2024-10-16 13:00:00,SHORT_MNQ,WIN,1,20351.25,20259.05,70.85,70.29,0.45,0.79,1.24,43.8,26.9,39.0,44.9,-5.9,-1e-05,12.0
2024-10-16 20:00:00,2024-10-17 06:00:00,SHORT_MNQ,LOSS,9,20324.25,20415.8,70.71,70.13,-0.45,0.82,0.37,47.5,20.2,42.7,46.0,-3.3,-3e-06,20.0
2024-10-28 08:00:00,2024-10-28 13:00:00,LONG_MNQ,LOSS,5,20660.5,20579.9,68.28,67.83,-0.39,0.66,0.27,26.6,38.9,61.6,33.6,28.0,-6e-06,8.0
2024-10-28 12:00:00,2024-10-28 13:00:00,LONG_MNQ,LOSS,1,20659.5,20594.97,67.18,67.83,-0.31,-0.97,-1.28,26.4,43.8,59.9,29.3,30.6,-5e-06,12.0
2024-10-30 20:00:00,2024-10-31 08:00:00,SHORT_MNQ,WIN,11,20505.5,20306.54,69.07,68.76,0.97,0.45,1.42,34.5,31.0,37.9,62.0,-24.1,-4e-06,20.0
2024-10-31 00:00:00,2024-10-31 13:00:00,SHORT_MNQ,WIN,13,20437.25,20232.23,68.92,69.37,1.0,-0.65,0.35,41.1,34.7,34.2,59.7,-25.5,-0.0,0.0
2024-10-31 04:00:00,2024-10-31 13:00:00,SHORT_MNQ,WIN,9,20409.0,20241.54,69.04,69.37,0.82,-0.48,0.34,46.3,36.4,32.6,60.6,-28.0,-1e-06,4.0
2024-10-31 12:00:00,2024-10-31 13:00:00,SHORT_MNQ,WIN,1,20381.75,20270.59,69.28,69.37,0.55,-0.13,0.42,54.0,28.5,36.9,61.6,-24.7,-1e-06,12.0
2024-10-31 16:00:00,2024-11-01 14:00:00,SHORT_MNQ,LOSS,21,20086.75,20186.12,69.21,70.35,-0.49,-1.65,-2.14,57.8,28.3,24.5,58.3,-33.7,-4e-06,16.0
2024-11-01 04:00:00,2024-11-01 14:00:00,SHORT_MNQ,LOSS,10,20081.75,20180.32,70.71,70.35,-0.49,0.51,0.02,53.3,34.3,32.7,70.1,-37.5,-0.0,4.0
2024-11-06 04:00:00,2024-11-06 05:00:00,LONG_MNQ,LOSS,1,20599.75,20472.62,71.1,70.74,-0.62,0.51,-0.11,34.7,19.9,73.6,44.7,28.9,-1e-06,4.0
2024-11-06 08:00:00,2024-11-07 05:00:00,LONG_MNQ,WIN,20,20699.25,20940.8,70.79,72.09,1.17,-1.84,-0.67,36.6,24.5,76.3,43.2,33.1,-6e-06,8.0
2024-11-06 12:00:00,2024-11-07 05:00:00,LONG_MNQ,WIN,16,20684.25,20942.3,70.52,72.09,1.25,-2.23,-0.98,35.9,28.5,68.5,42.0,26.5,-3.5e-05,12.0
2024-11-07 08:00:00,2024-11-07 14:00:00,LONG_MNQ,WIN,6,20934.5,21059.64,71.41,71.26,0.6,0.21,0.81,43.2,13.5,71.8,47.8,23.9,-2e-06,8.0
2024-11-08 16:00:00,2024-11-11 18:00:00,LONG_MNQ,LOSS,25,21219.0,21154.71,70.06,68.19,-0.3,2.67,2.37,44.1,20.7,65.6,36.0,29.6,-4e-06,16.0
2024-11-08 21:00:00,2024-11-11 15:00:00,LONG_MNQ,LOSS,17,21227.25,21158.68,70.43,68.14,-0.32,3.25,2.93,40.0,25.6,64.4,41.8,22.6,-0.0,21.0
2024-11-11 00:00:00,2024-11-11 14:00:00,LONG_MNQ,LOSS,14,21275.0,21199.44,70.27,68.67,-0.36,2.28,1.92,40.5,28.1,65.9,40.7,25.3,-1e-06,0.0
2024-11-11 04:00:00,2024-11-11 14:00:00,LONG_MNQ,LOSS,10,21287.5,21225.65,69.97,68.67,-0.29,1.86,1.57,39.5,34.2,66.1,38.3,27.8,-1e-06,4.0
2024-11-11 12:00:00,2024-11-11 14:00:00,LONG_MNQ,LOSS,2,21327.0,21281.33,68.79,68.67,-0.21,0.17,-0.04,41.0,37.1,67.6,31.5,36.1,-1.2e-05,12.0
2024-11-15 12:00:00,2024-11-15 14:00:00,SHORT_MNQ,WIN,2,20862.5,20748.71,68.49,68.19,0.55,0.44,0.98,49.8,17.6,34.5,52.3,-17.9,-1e-06,12.0
2024-12-02 16:00:00,2024-12-03 14:00:00,LONG_MNQ,LOSS,21,21229.5,21169.71,67.77,68.97,-0.28,-1.77,-2.05,38.4,13.5,74.3,39.6,34.7,-3.5e-05,16.0
2024-12-02 21:00:00,2024-12-03 14:00:00,LONG_MNQ,LOSS,16,21211.0,21141.04,68.17,68.97,-0.33,-1.17,-1.5,44.5,16.5,71.0,45.5,25.5,-1e-06,21.0
2024-12-03 00:00:00,2024-12-03 14:00:00,LONG_MNQ,LOSS,14,21211.0,21142.05,68.17,68.97,-0.33,-1.17,-1.5,45.5,16.5,70.7,45.6,25.1,-0.0,0.0
2024-12-03 04:00:00,2024-12-03 14:00:00,LONG_MNQ,LOSS,10,21225.5,21162.74,68.17,68.97,-0.3,-1.17,-1.47,47.9,17.5,71.1,46.3,24.8,-0.0,4.0
2024-12-05 16:00:00,2024-12-05 18:00:00,LONG_MNQ,LOSS,2,21530.0,21493.38,68.54,68.55,-0.17,-0.01,-0.18,46.4,33.7,65.6,44.1,21.6,-5e-06,16.0
2024-12-06 16:00:00,2024-12-09 15:00:00,LONG_MNQ,LOSS,22,21615.0,21558.96,67.46,68.65,-0.26,-1.76,-2.02,24.6,36.7,69.1,35.0,34.1,-0.0,16.0
2024-12-09 16:00:00,2024-12-10 14:00:00,SHORT_MNQ,LOSS,21,21510.25,21575.23,68.52,68.4,-0.3,0.18,-0.13,30.8,35.3,41.7,58.8,-17.1,-0.0,16.0
2024-12-09 21:00:00,2024-12-10 14:00:00,SHORT_MNQ,LOSS,16,21473.0,21556.04,68.16,68.4,-0.39,-0.35,-0.74,34.8,36.3,40.2,51.4,-11.3,-0.0,21.0
2024-12-10 20:00:00,2024-12-11 13:00:00,SHORT_MNQ,LOSS,16,21407.75,21479.83,68.39,69.41,-0.34,-1.49,-1.83,25.2,31.8,37.5,52.2,-14.7,-0.0,20.0
2024-12-11 04:00:00,2024-12-11 13:00:00,SHORT_MNQ,LOSS,9,21430.75,21497.85,68.97,69.41,-0.31,-0.64,-0.95,22.2,31.6,41.9,60.6,-18.8,-0.0,4.0
2024-12-16 16:00:00,2024-12-17 09:00:00,LONG_MNQ,WIN,16,22055.75,22170.5,70.56,70.2,0.52,0.51,1.03,31.1,21.7,73.1,48.9,24.2,-1.5e-05,16.0
2024-12-16 21:00:00,2024-12-17 07:00:00,LONG_MNQ,LOSS,9,22111.0,22039.86,70.65,70.64,-0.32,0.01,-0.31,44.4,18.2,74.4,50.3,24.1,-0.0,21.0
2024-12-17 00:00:00,2024-12-17 09:00:00,LONG_MNQ,WIN,9,22088.0,22227.71,70.67,70.2,0.63,0.67,1.3,47.2,17.2,70.9,50.7,20.2,-1e-06,0.0
2024-12-17 12:00:00,2024-12-17 13:00:00,LONG_MNQ,LOSS,1,22349.75,22170.9,69.83,69.8,-0.8,0.04,-0.76,51.5,21.6,65.2,38.0,27.2,-1.2e-05,12.0
2024-12-17 20:00:00,2024-12-20 12:00:00,SHORT_MNQ,WIN,44,22015.75,21058.27,70.2,69.1,4.35,1.57,5.92,43.6,26.9,48.0,48.4,-0.4,-2e-06,20.0
2024-12-18 00:00:00,2024-12-18 20:00:00,LONG_MNQ,LOSS,20,22285.75,21807.46,70.08,70.02,-2.15,0.09,-2.06,40.8,23.4,55.2,46.5,8.7,-1e-06,0.0
2024-12-30 12:00:00,2024-12-30 14:00:00,SHORT_MNQ,WIN,2,21482.0,21330.61,70.83,71.2,0.7,-0.52,0.18,38.0,17.4,29.4,60.1,-30.7,-1.5e-05,12.0
2024-12-30 20:00:00,2025-01-02 00:00:00,SHORT_MNQ,WIN,25,21411.75,21117.64,71.13,73.13,1.37,-2.81,-1.44,42.7,22.6,36.9,61.4,-24.4,-8e-06,20.0
2024-12-31 00:00:00,2024-12-31 11:00:00,SHORT_MNQ,LOSS,11,21369.75,21518.95,71.23,71.56,-0.7,-0.46,-1.16,43.2,21.9,35.3,63.0,-27.7,-0.0,0.0
2024-12-31 16:00:00,2025-01-02 00:00:00,SHORT_MNQ,LOSS,6,21329.25,21428.54,71.72,73.13,-0.47,-1.97,-2.43,31.0,23.3,36.6,60.5,-23.9,-2e-06,16.0
2025-01-02 00:00:00,2025-01-02 05:00:00,SHORT_MNQ,LOSS,1,21167.5,21354.41,73.13,71.92,-0.88,1.65,0.77,33.9,26.0,31.7,73.9,-42.2,-5.6e-05,0.0
2025-01-02 20:00:00,2025-01-03 14:00:00,SHORT_MNQ,LOSS,17,21169.5,21370.61,73.1,73.57,-0.95,-0.64,-1.59,26.5,50.9,41.0,61.6,-20.7,-1e-05,20.0
2025-01-06 04:00:00,2025-01-06 12:00:00,LONG_MNQ,WIN,8,21522.75,21745.18,73.64,74.47,1.03,-1.13,-0.09,30.8,47.7,60.8,54.9,5.9,-2e-06,4.0
2025-01-06 20:00:00,2025-01-07 15:00:00,LONG_MNQ,LOSS,18,21750.25,21628.96,73.44,74.26,-0.56,-1.12,-1.67,45.9,33.4,61.9,47.6,14.3,-5e-06,20.0
2025-01-06 21:00:00,2025-01-07 05:00:00,LONG_MNQ,LOSS,7,21781.0,21659.74,73.43,73.5,-0.56,-0.1,-0.65,44.6,31.1,63.3,47.5,15.9,-0.0,21.0
2025-01-07 00:00:00,2025-01-07 15:00:00,LONG_MNQ,LOSS,15,21761.5,21646.35,73.34,74.26,-0.53,-1.25,-1.78,42.0,27.3,61.7,46.5,15.3,-0.0,0.0
2025-01-08 00:00:00,2025-01-10 09:00:00,SHORT_MNQ,EXPIRED,48,21405.5,21277.25,74.67,75.66,0.6,-1.33,-0.73,36.8,16.1,37.9,61.8,-23.9,-0.0,0.0
2025-01-08 04:00:00,2025-01-10 13:00:00,SHORT_MNQ,WIN,48,21394.0,21131.18,74.62,76.93,1.23,-3.1,-1.87,39.0,16.8,37.9,60.2,-22.3,-0.0,4.0
2025-01-08 12:00:00,2025-01-08 13:00:00,SHORT_MNQ,LOSS,1,21258.0,21337.66,74.78,74.52,-0.37,0.35,-0.03,40.5,18.5,33.0,56.6,-23.5,-5e-06,12.0
2025-01-10 00:00:00,2025-01-10 02:00:00,SHORT_MNQ,LOSS,2,21196.0,21266.85,74.25,74.08,-0.33,0.23,-0.11,45.6,25.4,37.0,57.9,-20.9,-0.0,0.0
2025-01-10 16:00:00,2025-01-10 17:00:00,SHORT_MNQ,LOSS,1,20900.25,21041.73,76.13,76.34,-0.68,-0.28,-0.95,39.9,42.2,26.5,64.0,-37.5,-1.4e-05,16.0
2025-01-10 20:00:00,2025-01-14 23:00:00,SHORT_MNQ,EXPIRED,48,21016.75,20948.0,76.64,77.94,0.33,-1.7,-1.37,37.5,41.3,39.2,67.5,-28.3,-4e-06,20.0
2025-01-13 00:00:00,2025-01-15 02:00:00,SHORT_MNQ,EXPIRED,48,20998.5,20937.5,78.21,77.55,0.29,0.84,1.13,36.4,44.1,38.6,75.5,-36.9,-0.0,0.0
2025-01-13 08:00:00,2025-01-13 19:00:00,SHORT_MNQ,LOSS,11,20803.0,20921.26,78.46,78.94,-0.57,-0.61,-1.18,40.4,47.9,32.0,71.5,-39.4,-3.2e-05,8.0
2025-01-13 16:00:00,2025-01-13 17:00:00,SHORT_MNQ,LOSS,1,20738.0,20862.18,78.95,79.07,-0.6,-0.15,-0.75,42.3,40.9,33.1,67.0,-33.9,-1.9e-05,16.0
2025-01-16 12:00:00,2025-01-16 15:00:00,LONG_MNQ,LOSS,3,21440.25,21355.55,79.41,78.97,-0.4,0.55,0.16,36.2,29.6,60.6,51.9,8.6,-1.2e-05,12.0
2025-01-21 00:00:00,2025-01-21 05:00:00,LONG_MNQ,LOSS,1,21709.5,21594.86,75.89,77.24,-0.53,-1.78,-2.31,33.9,34.7,68.3,28.1,40.2,-0.000183,0.0
2025-01-21 08:00:00,2025-01-21 15:00:00,LONG_MNQ,LOSS,7,21650.75,21535.65,76.61,76.5,-0.53,0.14,-0.39,39.4,42.1,61.4,38.0,23.4,-3e-06,8.0
2025-01-21 16:00:00,2025-01-22 14:00:00,LONG_MNQ,WIN,11,21675.0,21965.62,76.45,75.38,1.34,1.4,2.74,40.2,52.6,58.9,41.4,17.5,-1e-06,16.0
2025-01-22 00:00:00,2025-01-22 16:00:00,LONG_MNQ,WIN,9,21836.75,22072.25,75.44,75.84,1.08,-0.53,0.55,37.5,53.5,65.8,35.9,29.9,-4.4e-05,0.0
2025-01-22 12:00:00,2025-01-24 14:00:00,LONG_MNQ,EXPIRED,48,21910.25,22057.25,75.82,74.43,0.67,1.83,2.5,38.9,50.7,68.3,40.6,27.7,-3e-06,12.0
2025-01-22 20:00:00,2025-01-23 08:00:00,LONG_MNQ,LOSS,11,21997.25,21910.46,75.43,75.54,-0.39,-0.15,-0.54,44.5,47.9,65.7,39.9,25.8,-0.0,20.0
2025-01-23 00:00:00,2025-01-23 08:00:00,LONG_MNQ,LOSS,8,21951.5,21877.06,75.26,75.54,-0.34,-0.37,-0.71,41.7,47.5,61.6,38.9,22.8,-0.0,0.0
2025-01-23 20:00:00,2025-01-24 17:00:00,LONG_MNQ,LOSS,20,22042.0,21963.84,74.27,74.37,-0.35,-0.13,-0.49,22.5,33.1,66.7,36.1,30.5,-1.1e-05,20.0
2025-01-23 21:00:00,2025-01-24 17:00:00,LONG_MNQ,LOSS,19,22021.75,21942.6,74.28,74.37,-0.36,-0.12,-0.48,24.0,34.4,63.9,36.2,27.7,-0.0,21.0
2025-01-24 04:00:00,2025-01-24 18:00:00,LONG_MNQ,LOSS,14,21997.5,21919.79,74.54,74.78,-0.35,-0.32,-0.68,29.1,38.4,58.6,40.6,17.9,-0.0,4.0
2025-01-27 08:00:00,2025-01-27 10:00:00,SHORT_MNQ,WIN,2,21242.25,20959.12,74.55,74.7,1.33,-0.2,1.13,47.0,25.0,17.1,49.1,-32.1,-1e-05,8.0
2025-02-03 04:00:00,2025-02-03 08:00:00,SHORT_MNQ,LOSS,4,21019.0,21236.02,73.9,73.96,-1.03,-0.08,-1.11,37.8,23.0,26.5,56.4,-30.0,-1e-06,4.0
2025-02-03 08:00:00,2025-02-03 15:00:00,SHORT_MNQ,LOSS,7,21205.0,21420.17,73.96,72.4,-1.01,2.11,1.09,41.4,25.6,38.0,56.7,-18.7,-3e-06,8.0
2025-02-03 16:00:00,2025-02-05 16:00:00,LONG_MNQ,WIN,46,21382.75,21696.3,72.45,71.11,1.47,1.85,3.32,32.2,26.2,49.2,42.1,7.0,-1e-06,16.0
2025-02-04 12:00:00,2025-02-04 15:00:00,LONG_MNQ,WIN,3,21456.5,21664.41,71.58,72.68,0.97,-1.54,-0.57,23.0,35.0,51.9,39.0,13.0,-1e-05,12.0
2025-02-06 04:00:00,2025-02-06 11:00:00,LONG_MNQ,LOSS,7,21805.25,21722.51,71.17,71.39,-0.38,-0.31,-0.69,30.6,32.5,67.7,39.6,28.1,-0.0,4.0
2025-02-10 04:00:00,2025-02-10 15:00:00,SHORT_MNQ,LOSS,11,21683.0,21825.21,71.48,72.07,-0.66,-0.83,-1.48,35.2,17.8,45.7,56.2,-10.5,-0.0,4.0
2025-02-11 04:00:00,2025-02-11 15:00:00,SHORT_MNQ,LOSS,11,21783.5,21851.72,72.49,73.01,-0.31,-0.72,-1.03,19.5,38.4,51.2,64.4,-13.2,-0.0,4.0
2025-02-11 12:00:00,2025-02-11 14:00:00,SHORT_MNQ,LOSS,2,21748.75,21803.29,73.37,73.33,-0.25,0.05,-0.2,24.1,49.7,47.8,73.8,-26.0,-2e-06,12.0
2025-02-12 16:00:00,2025-02-13 15:00:00,LONG_MNQ,WIN,22,21780.5,22032.34,72.0,71.06,1.16,1.31,2.46,21.8,34.3,50.8,37.0,13.7,-0.0,16.0
2025-02-12 21:00:00,2025-02-14 15:00:00,LONG_MNQ,WIN,40,21859.0,22162.11,71.21,71.11,1.39,0.14,1.53,20.8,43.3,55.0,27.2,27.8,-3e-06,21.0
2025-02-13 04:00:00,2025-02-13 08:00:00,LONG_MNQ,LOSS,4,21908.0,21793.71,70.63,70.91,-0.52,-0.4,-0.92,14.5,49.1,57.6,22.7,34.9,-0.0,4.0
2025-02-19 12:00:00,2025-02-19 15:00:00,SHORT_MNQ,WIN,3,22228.25,22147.14,72.44,72.33,0.36,0.15,0.52,19.1,36.5,51.5,61.2,-9.6,-1e-06,12.0
2025-02-21 00:00:00,2025-02-21 15:00:00,LONG_MNQ,LOSS,8,22155.75,22056.48,70.4,70.98,-0.45,-0.82,-1.27,34.0,49.3,48.9,34.2,14.8,-5.2e-05,0.0
2025-02-21 08:00:00,2025-02-21 15:00:00,LONG_MNQ,LOSS,7,22148.5,22045.29,71.92,70.98,-0.47,1.31,0.84,33.7,48.3,48.3,48.1,0.2,-7e-06,8.0
2025-02-24 20:00:00,2025-02-25 15:00:00,SHORT_MNQ,WIN,18,21422.0,21144.07,70.78,68.88,1.3,2.68,3.98,45.5,34.4,29.1,48.7,-19.6,-8e-06,20.0
2025-02-25 00:00:00,2025-02-25 15:00:00,SHORT_MNQ,WIN,15,21433.0,21153.25,70.73,68.88,1.31,2.62,3.92,48.7,28.7,31.9,48.0,-16.1,-3e-06,0.0
2025-02-25 04:00:00,2025-02-25 15:00:00,SHORT_MNQ,WIN,11,21423.25,21145.7,71.17,68.88,1.3,3.22,4.51,52.4,24.0,31.8,54.6,-22.8,-0.0,4.0
2025-02-26 12:00:00,2025-02-26 14:00:00,LONG_MNQ,LOSS,2,21290.75,21235.04,68.75,68.93,-0.26,-0.26,-0.52,31.8,44.3,44.1,30.7,13.4,-0.0,12.0
2025-02-26 16:00:00,2025-02-26 17:00:00,LONG_MNQ,LOSS,1,21349.0,21270.68,68.75,68.78,-0.37,-0.04,-0.41,26.3,40.8,49.4,33.7,15.7,-0.0,16.0
2025-02-27 21:00:00,2025-02-28 20:00:00,SHORT_MNQ,LOSS,22,20633.25,20843.36,70.13,70.06,-1.02,0.1,-0.92,31.7,39.9,26.9,64.1,-37.2,-0.0,21.0
2025-03-18 00:00:00,2025-03-18 13:00:00,LONG_MNQ,LOSS,13,19794.25,19651.94,67.47,67.91,-0.72,-0.65,-1.37,33.9,15.0,57.7,49.5,8.1,-1e-06,0.0
2025-03-18 04:00:00,2025-03-18 08:00:00,SHORT_MNQ,LOSS,4,19719.0,19834.79,67.75,68.34,-0.59,-0.87,-1.46,31.0,14.8,52.5,54.5,-2.0,-0.0,4.0
2025-03-19 08:00:00,2025-03-23 22:00:00,LONG_MNQ,EXPIRED,48,19721.0,20063.0,66.26,68.33,1.73,-3.12,-1.39,13.3,31.4,51.2,34.9,16.4,-5.8e-05,8.0
2025-03-20 16:00:00,2025-03-24 00:00:00,SHORT_MNQ,LOSS,20,19675.25,20119.84,68.32,68.17,-2.26,0.22,-2.04,28.0,36.7,47.5,60.9,-13.4,-1e-05,16.0
2025-03-25 16:00:00,2025-03-26 13:00:00,LONG_MNQ,LOSS,20,20450.25,20380.37,68.8,69.9,-0.34,-1.6,-1.94,36.3,23.4,64.4,47.9,16.5,-1e-06,16.0
2025-03-26 04:00:00,2025-03-26 13:00:00,LONG_MNQ,LOSS,9,20483.75,20414.43,69.13,69.9,-0.34,-1.11,-1.45,38.0,14.4,61.6,52.2,9.5,-0.0,4.0
2025-03-26 20:00:00,2025-03-28 07:00:00,SHORT_MNQ,WIN,33,20090.5,19856.39,69.94,69.56,1.17,0.54,1.71,41.5,20.2,33.5,61.2,-27.7,-4e-06,20.0
2025-03-27 12:00:00,2025-03-27 14:00:00,SHORT_MNQ,LOSS,2,20064.75,20135.89,69.7,69.91,-0.35,-0.3,-0.66,49.2,16.3,38.2,54.9,-16.7,-3e-06,12.0
2025-03-27 16:00:00,2025-03-27 19:00:00,SHORT_MNQ,LOSS,3,20009.25,20129.33,69.69,69.77,-0.6,-0.11,-0.71,46.9,14.4,38.6,53.3,-14.7,-1e-06,16.0
2025-03-28 12:00:00,2025-03-28 13:00:00,SHORT_MNQ,LOSS,1,19864.25,19941.55,70.0,69.7,-0.39,0.43,0.04,40.5,9.9,36.2,55.7,-19.5,-3e-06,12.0
2025-03-31 08:00:00,2025-03-31 13:00:00,SHORT_MNQ,WIN,5,19203.75,18989.09,69.88,70.43,1.12,-0.79,0.33,64.5,23.7,23.8,56.4,-32.7,-1e-06,8.0
2025-03-31 16:00:00,2025-03-31 18:00:00,SHORT_MNQ,LOSS,2,19217.0,19353.5,71.72,71.54,-0.71,0.25,-0.46,64.6,28.9,34.9,72.5,-37.6,-1e-06,16.0
2025-04-08 08:00:00,2025-04-08 14:00:00,LONG_MNQ,WIN,6,17825.25,18286.66,60.93,60.83,2.59,0.16,2.75,30.3,24.1,53.3,43.5,9.8,-2.7e-05,8.0
2025-04-17 00:00:00,2025-04-21 11:00:00,SHORT_MNQ,WIN,34,18487.5,18083.52,62.86,63.13,2.19,-0.43,1.76,29.4,37.0,44.4,62.7,-18.4,-7e-06,0.0
2025-04-22 00:00:00,2025-04-22 06:00:00,SHORT_MNQ,LOSS,3,17996.0,18153.88,64.31,63.76,-0.88,0.86,-0.02,41.6,23.9,42.2,61.6,-19.4,-5e-06,0.0
2025-04-23 00:00:00,2025-04-23 13:00:00,LONG_MNQ,WIN,7,18701.25,19115.3,62.27,63.5,2.21,-1.98,0.24,28.8,30.7,65.1,39.3,25.8,-0.00052,0.0
2025-04-23 12:00:00,2025-04-23 16:00:00,LONG_MNQ,LOSS,4,18966.75,18756.91,63.23,62.05,-1.11,1.87,0.76,37.6,35.5,69.1,46.6,22.5,-3.8e-05,12.0
2025-04-23 20:00:00,2025-04-24 08:00:00,LONG_MNQ,LOSS,11,18850.0,18637.43,62.28,62.56,-1.13,-0.45,-1.58,36.6,47.0,60.2,42.9,17.3,-1e-06,20.0
2025-05-01 00:00:00,2025-05-05 02:00:00,LONG_MNQ,EXPIRED,48,19946.25,20035.5,58.25,56.06,0.45,3.76,4.21,22.9,44.2,65.7,31.8,34.0,-3e-06,0.0
2025-05-01 04:00:00,2025-05-01 22:00:00,LONG_MNQ,LOSS,17,19941.25,19753.59,58.13,58.82,-0.94,-1.19,-2.13,25.5,41.1,64.4,31.7,32.7,-1e-06,4.0
2025-05-01 08:00:00,2025-05-01 20:00:00,LONG_MNQ,LOSS,12,19983.75,19844.44,57.2,58.98,-0.7,-3.11,-3.81,28.5,41.8,65.4,25.1,40.3,-7e-06,8.0
2025-05-01 12:00:00,2025-05-01 13:00:00,LONG_MNQ,LOSS,1,19953.75,19876.18,57.68,58.48,-0.39,-1.39,-1.78,31.6,42.7,61.9,38.9,23.0,-2.8e-05,12.0
2025-05-07 20:00:00,2025-05-08 15:00:00,LONG_MNQ,WIN,18,19957.25,20269.68,57.95,59.95,1.57,-3.45,-1.89,12.5,33.0,50.5,39.5,11.0,-1e-06,20.0
2025-05-09 16:00:00,2025-05-11 22:00:00,SHORT_MNQ,LOSS,5,20087.75,20197.2,60.86,61.36,-0.54,-0.82,-1.37,12.7,35.7,46.2,63.1,-17.0,-1.2e-05,16.0
2025-05-14 12:00:00,2025-05-15 08:00:00,LONG_MNQ,LOSS,19,21324.25,21252.95,63.02,60.63,-0.33,3.79,3.46,45.2,25.0,66.5,53.6,12.9,-0.0,12.0
2025-05-15 00:00:00,2025-05-15 07:00:00,LONG_MNQ,LOSS,7,21381.25,21282.84,62.12,61.2,-0.46,1.48,1.02,32.3,23.3,66.8,39.2,27.7,-0.0,0.0
2025-05-30 08:00:00,2025-05-30 16:00:00,SHORT_MNQ,WIN,8,21360.25,21185.98,61.29,60.28,0.82,1.65,2.46,36.0,38.2,43.6,49.5,-5.9,-0.0,8.0
2025-06-02 00:00:00,2025-06-02 17:00:00,SHORT_MNQ,LOSS,17,21294.5,21461.48,62.22,62.94,-0.78,-1.16,-1.94,32.0,31.8,45.5,61.6,-16.1,-1e-06,0.0
2025-06-11 20:00:00,2025-06-13 00:00:00,SHORT_MNQ,WIN,26,21882.75,21629.52,68.3,73.28,1.16,-7.29,-6.13,22.1,38.8,48.1,76.3,-28.2,-1e-06,20.0
2025-06-13 00:00:00,2025-06-13 11:00:00,SHORT_MNQ,LOSS,11,21567.5,21699.61,73.28,73.23,-0.61,0.07,-0.54,20.5,32.0,31.4,80.0,-48.6,-0.000568,0.0
2025-06-13 08:00:00,2025-06-13 13:00:00,SHORT_MNQ,LOSS,5,21600.0,21730.74,72.91,72.44,-0.61,0.64,0.04,33.2,46.7,39.2,64.1,-24.9,-2.7e-05,8.0
2025-06-13 12:00:00,2025-06-13 13:00:00,SHORT_MNQ,LOSS,1,21658.25,21793.71,73.9,72.44,-0.63,1.98,1.35,30.2,45.4,43.9,65.5,-21.6,-1.1e-05,12.0
2025-06-16 04:00:00,2025-06-16 08:00:00,SHORT_MNQ,LOSS,4,21681.25,21810.44,73.82,72.45,-0.6,1.86,1.26,26.4,36.8,46.4,59.0,-12.6,-1e-06,4.0
2025-06-16 08:00:00,2025-06-16 09:00:00,LONG_MNQ,LOSS,1,22004.5,21874.38,72.45,72.44,-0.59,0.01,-0.58,24.1,32.2,65.9,51.7,14.2,-5.3e-05,8.0
2025-06-16 20:00:00,2025-06-17 17:00:00,LONG_MNQ,LOSS,20,22163.25,21763.77,71.48,74.43,-1.8,-4.13,-5.93,36.2,20.2,60.7,48.4,12.3,-1e-06,20.0
2025-06-19 04:00:00,2025-06-19 13:00:00,SHORT_MNQ,WIN,9,21898.25,21664.57,75.09,76.76,1.07,-2.22,-1.16,31.5,14.8,47.5,55.0,-7.4,-0.0,4.0
2025-06-19 08:00:00,2025-06-20 11:00:00,SHORT_MNQ,LOSS,18,21826.25,21935.13,75.58,75.11,-0.5,0.62,0.12,37.3,13.8,44.8,56.8,-12.0,-4e-06,8.0
2025-06-19 16:00:00,2025-06-19 22:00:00,SHORT_MNQ,LOSS,1,21704.25,21795.03,77.14,75.29,-0.42,2.4,1.98,48.1,21.6,40.9,64.1,-23.3,-2e-06,16.0
2025-06-24 00:00:00,2025-06-25 13:00:00,LONG_MNQ,WIN,36,22228.0,22546.0,65.99,64.86,1.43,1.71,3.14,17.6,34.6,65.8,23.2,42.6,-1e-06,0.0
2025-06-24 16:00:00,2025-06-26 12:00:00,LONG_MNQ,WIN,42,22400.0,22581.61,64.23,65.03,0.81,-1.25,-0.43,22.3,41.5,68.1,26.1,41.9,-8e-06,16.0
2025-06-25 00:00:00,2025-06-26 08:00:00,LONG_MNQ,WIN,31,22425.25,22569.84,65.06,64.85,0.64,0.32,0.97,27.9,40.0,67.5,33.0,34.5,-0.0,0.0
2025-06-25 04:00:00,2025-06-25 13:00:00,LONG_MNQ,WIN,9,22425.0,22537.82,65.17,64.86,0.5,0.48,0.98,28.8,36.8,66.3,34.3,32.0,-0.0,4.0
2025-06-26 08:00:00,2025-06-26 13:00:00,LONG_MNQ,LOSS,5,22561.5,22516.29,64.85,65.42,-0.2,-0.88,-1.08,32.1,17.7,69.2,39.9,29.4,-5e-06,8.0
2025-06-30 00:00:00,2025-07-01 14:00:00,LONG_MNQ,LOSS,37,22833.25,22724.37,64.68,65.31,-0.48,-0.97,-1.45,30.4,21.7,62.5,40.7,21.8,-2e-06,0.0
2025-07-08 20:00:00,2025-07-09 13:00:00,SHORT_MNQ,LOSS,16,22903.5,22981.21,68.18,67.9,-0.34,0.41,0.07,15.9,33.3,48.7,59.1,-10.4,-1e-06,20.0
2025-07-10 08:00:00,2025-07-10 13:00:00,LONG_MNQ,LOSS,5,23045.25,23000.14,68.05,66.9,-0.2,1.69,1.49,35.6,11.2,58.4,47.3,11.0,-3e-06,8.0
2025-07-10 12:00:00,2025-07-10 13:00:00,LONG_MNQ,LOSS,1,23049.25,23005.32,67.81,66.9,-0.19,1.34,1.15,37.8,15.7,57.3,44.3,13.0,-3e-06,12.0
2025-07-14 00:00:00,2025-07-14 04:00:00,LONG_MNQ,LOSS,1,23035.5,22924.45,66.98,68.63,-0.48,-2.46,-2.95,26.0,36.0,56.2,44.0,12.2,-8.8e-05,0.0
2025-07-14 04:00:00,2025-07-14 14:00:00,SHORT_MNQ,LOSS,10,22862.5,22987.38,68.63,67.99,-0.55,0.93,0.39,27.4,35.3,42.9,57.1,-14.2,-0.000185,4.0
2025-07-14 08:00:00,2025-07-14 15:00:00,SHORT_MNQ,LOSS,7,22887.0,23011.39,69.04,67.31,-0.54,2.51,1.96,31.2,29.4,45.6,59.0,-13.4,-1e-06,8.0
2025-07-14 12:00:00,2025-07-14 15:00:00,SHORT_MNQ,LOSS,3,22899.25,23001.97,69.15,67.31,-0.45,2.66,2.21,31.1,22.8,47.0,58.3,-11.3,-3e-06,12.0
2025-07-14 20:00:00,2025-07-15 08:00:00,LONG_MNQ,WIN,11,23036.25,23177.04,66.83,66.6,0.61,0.34,0.96,23.1,32.5,57.1,41.2,15.9,-0.0,20.0
2025-07-15 08:00:00,2025-07-15 19:00:00,LONG_MNQ,LOSS,11,23156.0,23080.33,66.6,66.7,-0.33,-0.15,-0.48,33.2,42.4,61.6,41.3,20.3,-0.0,8.0
2025-08-01 12:00:00,2025-08-01 13:00:00,SHORT_MNQ,WIN,1,23069.0,22869.61,69.27,68.45,0.86,1.18,2.05,54.8,14.0,30.1,50.6,-20.5,-1.9e-05,12.0
2025-08-04 08:00:00,2025-08-04 13:00:00,LONG_MNQ,WIN,5,23060.75,23238.93,66.45,65.66,0.77,1.19,1.96,47.3,28.3,45.4,32.9,12.5,-3.4e-05,8.0
2025-08-04 12:00:00,2025-08-04 13:00:00,LONG_MNQ,WIN,1,23075.75,23203.46,65.53,65.66,0.55,-0.2,0.36,38.9,33.4,47.0,27.0,20.0,-9e-06,12.0
2025-08-04 16:00:00,2025-08-05 14:00:00,LONG_MNQ,LOSS,21,23270.25,23185.18,66.28,65.49,-0.37,1.19,0.83,35.8,30.3,58.8,39.5,19.3,-5e-06,16.0
2025-08-05 00:00:00,2025-08-05 14:00:00,LONG_MNQ,LOSS,14,23347.25,23257.62,66.22,65.49,-0.38,1.1,0.72,37.3,26.4,62.1,39.9,22.1,-1e-06,0.0
2025-08-05 08:00:00,2025-08-05 14:00:00,LONG_MNQ,LOSS,6,23331.25,23270.34,65.88,65.49,-0.26,0.59,0.33,40.6,26.4,58.4,37.3,21.1,-0.0,8.0
2025-08-07 08:00:00,2025-08-07 15:00:00,LONG_MNQ,LOSS,7,23555.5,23491.05,64.56,64.02,-0.27,0.84,0.56,40.4,25.2,69.5,40.6,28.9,-6e-06,8.0
2025-08-11 00:00:00,2025-08-11 18:00:00,LONG_MNQ,LOSS,18,23732.75,23656.3,63.1,63.99,-0.32,-1.41,-1.73,22.2,30.9,65.8,38.8,27.0,-6e-06,0.0
2025-08-12 20:00:00,2025-08-14 12:00:00,LONG_MNQ,LOSS,38,23948.75,23846.62,63.08,63.12,-0.43,-0.06,-0.49,30.5,27.9,67.5,38.0,29.5,-1e-06,20.0
2025-08-13 08:00:00,2025-08-13 14:00:00,LONG_MNQ,LOSS,6,23994.5,23949.71,62.85,62.3,-0.19,0.88,0.69,41.3,44.0,67.3,37.7,29.6,-0.0,8.0
2025-08-18 16:00:00,2025-08-18 19:00:00,SHORT_MNQ,LOSS,3,23734.75,23809.72,63.15,63.34,-0.32,-0.3,-0.62,33.2,20.2,38.0,50.8,-12.8,-0.0,16.0
2025-08-20 00:00:00,2025-08-20 13:00:00,SHORT_MNQ,WIN,13,23414.75,23213.05,62.69,62.48,0.86,0.33,1.2,46.4,27.2,24.9,46.9,-22.1,-3e-06,0.0
2025-08-20 12:00:00,2025-08-20 13:00:00,SHORT_MNQ,WIN,1,23426.0,23291.16,62.55,62.48,0.58,0.11,0.69,52.2,24.5,35.4,48.8,-13.4,-1e-06,12.0
2025-08-20 16:00:00,2025-08-21 02:00:00,SHORT_MNQ,LOSS,9,23233.5,23368.58,62.81,62.95,-0.58,-0.22,-0.8,55.6,19.8,34.9,52.7,-17.8,-2e-06,16.0
2025-08-21 16:00:00,2025-08-22 10:00:00,SHORT_MNQ,LOSS,17,23161.25,23260.49,63.47,63.54,-0.43,-0.11,-0.54,33.3,15.8,37.2,58.8,-21.5,-7e-06,16.0
2025-08-25 20:00:00,2025-08-26 19:00:00,SHORT_MNQ,LOSS,22,23502.25,23568.22,64.74,63.31,-0.28,2.21,1.93,16.7,31.7,52.1,66.8,-14.7,-0.0,20.0
2025-08-27 04:00:00,2025-08-27 13:00:00,LONG_MNQ,LOSS,9,23616.5,23562.04,63.25,63.66,-0.23,-0.65,-0.88,17.1,31.0,60.9,37.6,23.3,-0.0,4.0
2025-09-02 00:00:00,2025-09-02 04:00:00,SHORT_MNQ,LOSS,1,23275.0,23411.58,65.59,64.88,-0.59,1.08,0.5,35.4,24.2,28.2,72.7,-44.5,-0.000206,0.0
2025-09-02 04:00:00,2025-09-02 12:00:00,SHORT_MNQ,WIN,8,23438.0,23156.8,64.88,64.55,1.2,0.51,1.71,38.1,27.0,42.6,59.9,-17.3,-7.6e-05,4.0
2025-09-05 12:00:00,2025-09-05 13:00:00,LONG_MNQ,LOSS,1,23874.25,23825.66,62.19,62.12,-0.2,0.11,-0.09,40.0,32.6,75.1,28.8,46.2,-4.8e-05,12.0
2025-09-12 04:00:00,2025-09-12 14:00:00,LONG_MNQ,WIN,10,24020.25,24109.82,61.83,63.32,0.37,-2.41,-2.04,7.5,50.8,61.4,23.9,37.5,-0.0,4.0
2025-09-16 08:00:00,2025-09-16 09:00:00,LONG_MNQ,LOSS,1,24639.25,24545.5,62.99,63.15,-0.38,-0.25,-0.63,56.2,29.0,85.5,46.7,38.9,-2e-06,8.0
2025-09-23 04:00:00,2025-09-23 16:00:00,LONG_MNQ,LOSS,12,24987.0,24929.25,61.94,63.35,-0.23,-2.28,-2.51,42.9,40.9,62.5,34.9,27.6,-0.0,4.0
2025-09-23 08:00:00,2025-09-23 13:00:00,LONG_MNQ,LOSS,5,25002.5,24957.9,62.2,63.33,-0.18,-1.82,-2.0,43.7,37.2,62.9,41.6,21.3,-0.0,8.0
2025-09-23 20:00:00,2025-09-24 08:00:00,SHORT_MNQ,LOSS,11,24834.25,24905.93,63.65,63.42,-0.29,0.36,0.07,34.2,34.4,44.2,62.2,-18.0,-0.0,20.0
2025-09-24 04:00:00,2025-09-24 10:00:00,SHORT_MNQ,LOSS,6,24851.25,24912.59,63.53,64.05,-0.25,-0.82,-1.07,35.3,33.3,46.9,57.6,-10.7,-1e-06,4.0
2025-09-26 00:00:00,2025-09-26 12:00:00,SHORT_MNQ,LOSS,12,24626.25,24689.46,65.25,65.21,-0.26,0.06,-0.2,38.0,46.4,32.4,69.7,-37.4,-0.0,0.0
2025-09-26 08:00:00,2025-09-26 11:00:00,SHORT_MNQ,LOSS,3,24585.5,24649.46,65.15,64.84,-0.26,0.48,0.22,41.5,41.2,34.5,64.7,-30.1,-2e-06,8.0
2025-10-02 08:00:00,2025-10-02 13:00:00,LONG_MNQ,LOSS,5,25113.75,25069.26,61.86,61.51,-0.18,0.57,0.39,39.2,23.6,69.6,43.2,26.4,-1e-06,8.0
2025-10-02 12:00:00,2025-10-02 13:00:00,LONG_MNQ,LOSS,1,25162.0,25117.24,61.44,61.51,-0.18,-0.11,-0.29,44.5,24.8,71.3,38.6,32.8,-1e-06,12.0
2025-10-02 20:00:00,2025-10-03 17:00:00,LONG_MNQ,LOSS,20,25105.5,25026.72,60.68,61.15,-0.31,-0.77,-1.09,27.4,30.7,60.4,34.0,26.4,-0.0,20.0
2025-10-03 00:00:00,2025-10-03 14:00:00,LONG_MNQ,LOSS,14,25146.25,25068.68,60.64,61.03,-0.31,-0.64,-0.95,23.5,31.0,63.6,33.9,29.7,-1e-06,0.0
2025-10-17 16:00:00,2025-10-20 14:00:00,LONG_MNQ,WIN,21,24903.0,25282.88,57.27,56.98,1.53,0.51,2.03,28.1,32.5,55.4,42.6,12.9,-9e-06,16.0
2025-10-20 16:00:00,2025-10-21 13:00:00,LONG_MNQ,LOSS,17,25314.75,25227.13,57.11,57.0,-0.35,0.19,-0.15,33.5,28.3,69.5,44.6,24.9,-0.0,16.0
2025-10-23 00:00:00,2025-10-23 16:00:00,SHORT_MNQ,LOSS,16,25049.5,25234.0,59.96,62.02,-0.74,-3.44,-4.17,32.0,42.8,44.4,67.9,-23.5,-4e-06,0.0
2025-10-23 04:00:00,2025-10-23 16:00:00,SHORT_MNQ,LOSS,12,25070.75,25239.71,60.46,62.02,-0.67,-2.58,-3.25,31.4,48.0,45.8,70.3,-24.5,-2e-06,4.0
2025-10-27 08:00:00,2025-10-27 19:00:00,LONG_MNQ,WIN,11,25802.5,25953.36,60.71,61.41,0.58,-1.15,-0.57,58.0,28.5,79.7,42.6,37.1,-6e-06,8.0
2025-10-28 08:00:00,2025-10-28 13:00:00,LONG_MNQ,WIN,5,25968.25,26058.41,60.23,60.58,0.35,-0.58,-0.23,57.5,18.4,75.2,36.0,39.1,-2e-06,8.0
2025-10-28 12:00:00,2025-10-28 13:00:00,LONG_MNQ,WIN,1,26012.5,26089.43,60.27,60.58,0.3,-0.51,-0.22,55.1,24.5,78.4,37.9,40.5,-3e-06,12.0
2025-10-29 04:00:00,2025-10-29 18:00:00,LONG_MNQ,LOSS,14,26245.75,26177.12,60.01,60.47,-0.26,-0.77,-1.03,69.1,30.4,80.2,41.2,39.0,-0.0,4.0
2025-11-05 04:00:00,2025-11-05 14:00:00,SHORT_MNQ,LOSS,10,25462.25,25627.09,60.49,60.14,-0.65,0.58,-0.07,42.3,20.1,35.2,48.6,-13.4,-0.0,4.0
2025-11-05 16:00:00,2025-11-06 01:00:00,LONG_MNQ,LOSS,8,25774.5,25625.22,59.8,59.62,-0.58,0.3,-0.28,32.3,14.9,54.6,40.6,14.0,-3.2e-05,16.0
2025-11-05 20:00:00,2025-11-06 14:00:00,LONG_MNQ,LOSS,17,25740.75,25590.4,59.61,59.14,-0.58,0.79,0.2,30.3,15.4,51.7,38.9,12.9,-2e-06,20.0
2025-11-07 08:00:00,2025-11-07 14:00:00,SHORT_MNQ,WIN,6,25312.75,25037.45,60.12,59.94,1.09,0.3,1.39,33.0,18.3,41.6,54.9,-13.3,-1e-06,8.0
2025-11-10 16:00:00,2025-11-10 19:00:00,LONG_MNQ,WIN,3,25521.25,25703.12,59.55,60.1,0.71,-0.92,-0.21,30.4,20.0,55.8,43.2,12.6,-0.0,16.0
2025-11-13 04:00:00,2025-11-13 09:00:00,LONG_MNQ,LOSS,5,25692.0,25544.97,58.42,58.36,-0.57,0.1,-0.47,28.0,55.9,52.8,30.6,22.2,-1e-06,4.0
2025-11-13 08:00:00,2025-11-13 09:00:00,LONG_MNQ,LOSS,1,25677.0,25576.34,58.31,58.36,-0.39,-0.09,-0.48,25.5,56.8,51.6,30.1,21.4,-1e-06,8.0
2025-11-13 16:00:00,2025-11-14 11:00:00,SHORT_MNQ,WIN,18,25193.0,24898.2,59.04,59.56,1.17,-0.88,0.29,39.2,36.9,29.0,47.7,-18.7,-9e-06,16.0
2025-11-14 00:00:00,2025-11-14 12:00:00,SHORT_MNQ,WIN,12,25106.5,24740.29,59.1,59.53,1.46,-0.73,0.73,53.0,27.9,29.8,50.7,-20.9,-0.0,0.0
2025-11-17 00:00:00,2025-11-17 14:00:00,LONG_MNQ,LOSS,14,25231.0,24986.34,59.55,59.92,-0.97,-0.62,-1.59,35.0,27.8,51.5,49.4,2.1,-0.0,0.0
2025-11-19 04:00:00,2025-11-19 14:00:00,SHORT_MNQ,LOSS,10,24525.25,24764.58,60.47,58.89,-0.98,2.61,1.64,37.8,22.5,41.3,57.7,-16.4,-1e-06,4.0
2025-11-21 20:00:00,2025-11-24 20:00:00,LONG_MNQ,WIN,22,24313.5,24964.98,57.95,58.96,2.68,-1.74,0.94,32.1,24.7,47.1,43.5,3.6,-8e-06,20.0
2025-12-01 04:00:00,2025-12-01 14:00:00,SHORT_MNQ,LOSS,10,25235.0,25357.22,59.61,59.46,-0.48,0.25,-0.23,26.9,33.9,49.6,65.8,-16.2,-1e-06,4.0
2025-12-09 16:00:00,2025-12-10 10:00:00,LONG_MNQ,LOSS,17,25708.75,25639.64,58.22,58.58,-0.27,-0.62,-0.89,27.0,35.0,51.9,31.9,19.9,-1e-06,16.0
2025-12-09 20:00:00,2025-12-10 10:00:00,LONG_MNQ,LOSS,13,25703.0,25626.5,58.33,58.58,-0.3,-0.43,-0.73,24.8,35.2,51.0,36.8,14.2,-0.0,20.0
2025-12-10 04:00:00,2025-12-10 10:00:00,LONG_MNQ,LOSS,6,25692.25,25629.6,58.32,58.58,-0.24,-0.45,-0.69,24.1,32.0,50.6,37.5,13.1,-0.0,4.0
2025-12-15 12:00:00,2025-12-15 14:00:00,LONG_MNQ,LOSS,2,25352.0,25288.33,57.18,56.93,-0.25,0.44,0.19,30.1,20.5,46.3,37.7,8.5,-0.0,12.0
2025-12-16 08:00:00,2025-12-16 09:00:00,LONG_MNQ,LOSS,1,25203.5,25067.67,56.14,55.84,-0.54,0.53,-0.0,46.2,36.5,51.3,30.7,20.6,-5.5e-05,8.0
2025-12-16 20:00:00,2025-12-17 15:00:00,LONG_MNQ,LOSS,18,25374.25,24848.58,55.06,55.89,-2.07,-1.51,-3.58,27.7,51.0,55.9,24.5,31.4,-2e-06,20.0
2025-12-16 21:00:00,2025-12-17 16:00:00,LONG_MNQ,LOSS,18,25321.5,24770.76,55.07,56.07,-2.17,-1.82,-3.99,27.3,51.5,54.0,24.8,29.1,-0.0,21.0
2025-12-17 00:00:00,2025-12-17 16:00:00,LONG_MNQ,LOSS,16,25304.75,24758.03,55.59,56.07,-2.16,-0.86,-3.02,25.6,46.6,53.3,38.8,14.5,-1e-06,0.0
2025-12-17 04:00:00,2025-12-19 06:00:00,SHORT_MNQ,EXPIRED,48,25075.5,25298.75,56.04,55.9,-0.89,0.25,-0.64,23.5,37.9,44.8,48.8,-4.0,-4.3e-05,4.0
2025-12-17 20:00:00,2025-12-18 15:00:00,SHORT_MNQ,LOSS,18,24891.5,25342.22,56.53,56.24,-1.81,0.51,-1.3,32.6,23.1,40.2,56.6,-16.4,-3.3e-05,20.0
2025-12-18 00:00:00,2025-12-18 15:00:00,SHORT_MNQ,LOSS,15,24987.75,25373.01,56.71,56.24,-1.54,0.83,-0.71,35.4,22.7,43.9,58.8,-14.9,-1e-06,0.0
2025-12-23 12:00:00,2025-12-23 14:00:00,SHORT_MNQ,LOSS,2,25685.0,25727.72,58.14,57.79,-0.17,0.6,0.44,15.4,43.6,55.4,67.8,-12.4,-0.0,12.0
2025-12-29 00:00:00,2025-12-29 02:00:00,LONG_MNQ,LOSS,2,25892.0,25834.84,57.15,57.28,-0.22,-0.23,-0.45,21.6,47.8,60.8,43.1,17.7,-1e-06,0.0
2025-12-29 08:00:00,2025-12-29 14:00:00,SHORT_MNQ,LOSS,6,25739.25,25793.95,57.6,58.12,-0.21,-0.9,-1.12,19.7,42.4,38.5,49.8,-11.3,-1e-05,8.0
2025-12-29 12:00:00,2025-12-29 14:00:00,SHORT_MNQ,LOSS,2,25746.5,25803.71,58.14,58.12,-0.22,0.03,-0.19,26.2,34.9,41.4,56.9,-15.5,-2e-06,12.0
2026-01-02 20:00:00,2026-01-05 08:00:00,SHORT_MNQ,LOSS,11,25385.75,25540.49,57.29,56.6,-0.61,1.2,0.59,24.3,38.5,40.1,46.3,-6.3,-0.0,20.0
2026-01-02 21:00:00,2026-01-05 08:00:00,SHORT_MNQ,LOSS,10,25385.25,25541.33,57.32,56.6,-0.61,1.26,0.64,23.1,37.2,40.0,46.9,-6.9,-0.0,21.0
2026-01-05 08:00:00,2026-01-05 16:00:00,LONG_MNQ,WIN,8,25512.25,25695.52,56.6,58.12,0.72,-2.69,-1.97,14.8,32.6,48.5,34.6,13.9,-4e-06,8.0
2026-01-07 16:00:00,2026-01-07 19:00:00,LONG_MNQ,LOSS,3,25970.0,25902.77,56.15,56.24,-0.26,-0.16,-0.42,28.1,33.3,72.0,37.0,35.0,-1.3e-05,16.0
2026-01-08 21:00:00,2026-01-09 15:00:00,SHORT_MNQ,LOSS,17,25711.5,25826.09,58.4,59.46,-0.45,-1.82,-2.26,22.4,31.9,47.7,69.2,-21.5,-4e-06,21.0
2026-01-09 08:00:00,2026-01-09 11:00:00,SHORT_MNQ,LOSS,3,25674.5,25741.52,58.17,58.29,-0.26,-0.21,-0.47,18.9,36.7,45.8,62.4,-16.6,-0.0,8.0
2026-01-15 12:00:00,2026-01-15 19:00:00,LONG_MNQ,LOSS,7,25852.25,25769.46,59.31,58.93,-0.32,0.64,0.32,25.1,36.2,59.1,41.1,18.1,-4e-06,12.0
2026-01-15 16:00:00,2026-01-15 19:00:00,LONG_MNQ,LOSS,3,25924.5,25822.71,58.9,58.93,-0.39,-0.05,-0.44,30.1,39.1,62.3,38.5,23.9,-9e-06,16.0
2026-01-20 00:00:00,2026-01-20 05:00:00,SHORT_MNQ,LOSS,1,25129.25,25310.83,60.34,59.32,-0.72,1.69,0.97,31.4,19.3,22.3,58.7,-36.4,-0.000166,0.0
2026-01-22 08:00:00,2026-01-25 23:00:00,LONG_MNQ,LOSS,37,25683.0,25532.97,60.37,61.04,-0.58,-1.11,-1.69,36.5,22.7,60.3,51.9,8.4,-4e-06,8.0
2026-01-22 12:00:00,2026-01-22 14:00:00,LONG_MNQ,LOSS,2,25691.25,25612.07,59.44,59.76,-0.31,-0.54,-0.85,37.8,25.1,60.2,37.9,22.3,-3e-06,12.0
2026-01-22 16:00:00,2026-01-23 09:00:00,LONG_MNQ,LOSS,16,25669.25,25560.47,59.48,59.99,-0.42,-0.86,-1.28,34.1,26.2,57.3,40.0,17.3,-1e-05,16.0
2026-01-28 20:00:00,2026-01-28 21:00:00,SHORT_MNQ,LOSS,1,26151.0,26249.54,63.38,63.5,-0.38,-0.19,-0.57,24.4,37.4,52.9,63.6,-10.7,-1e-06,20.0
2026-01-29 00:00:00,2026-01-29 14:00:00,SHORT_MNQ,WIN,14,26163.0,25887.54,63.54,66.13,1.05,-4.08,-3.02,26.3,39.7,52.5,64.2,-11.8,-1e-06,0.0
2026-01-29 16:00:00,2026-01-29 17:00:00,SHORT_MNQ,LOSS,1,25711.25,25860.1,65.24,65.5,-0.58,-0.4,-0.98,33.0,58.2,32.8,65.3,-32.5,-1.5e-05,16.0
2026-01-29 21:00:00,2026-01-30 18:00:00,SHORT_MNQ,WIN,20,25982.5,25587.2,65.51,64.69,1.52,1.25,2.77,34.2,53.6,46.7,65.0,-18.3,-0.0,21.0
2026-01-30 16:00:00,2026-02-01 23:00:00,SHORT_MNQ,WIN,6,25757.5,25444.7,65.69,63.27,1.21,3.68,4.9,35.0,25.5,41.9,62.2,-20.4,-4e-06,16.0
2026-02-04 20:00:00,2026-02-05 15:00:00,SHORT_MNQ,WIN,18,24997.75,24572.45,64.31,63.02,1.7,2.01,3.71,43.0,24.2,35.1,57.2,-22.1,-5e-06,20.0
2026-02-05 00:00:00,2026-02-05 15:00:00,SHORT_MNQ,WIN,15,25108.0,24630.04,64.39,63.02,1.9,2.13,4.03,44.4,21.0,40.6,57.5,-16.9,-1e-06,0.0
2026-02-05 08:00:00,2026-02-05 15:00:00,SHORT_MNQ,WIN,7,24998.75,24606.23,64.12,63.02,1.57,1.72,3.29,46.3,17.2,39.8,54.6,-14.8,-3e-06,8.0
2026-02-06 04:00:00,2026-02-06 09:00:00,SHORT_MNQ,LOSS,5,24448.5,24741.46,63.63,64.19,-1.2,-0.88,-2.08,57.1,24.6,34.8,51.1,-16.4,-1e-06,4.0
2026-02-06 08:00:00,2026-02-06 11:00:00,SHORT_MNQ,LOSS,3,24583.5,24809.95,64.08,63.22,-0.92,1.34,0.42,52.4,20.1,41.0,55.1,-14.1,-2e-06,8.0
2026-02-09 00:00:00,2026-02-09 09:00:00,LONG_MNQ,LOSS,9,25263.5,25079.05,63.11,62.9,-0.73,0.33,-0.4,34.9,22.2,63.6,46.1,17.5,-1e-06,0.0
2026-02-13 16:00:00,2026-02-17 00:00:00,LONG_MNQ,LOSS,12,24894.5,24713.27,62.66,62.33,-0.73,0.53,-0.2,44.8,33.9,48.0,40.4,7.6,-3e-06,16.0
2026-02-19 08:00:00,2026-02-20 13:00:00,SHORT_MNQ,WIN,28,24954.75,24733.82,66.2,66.26,0.89,-0.09,0.79,12.4,52.0,52.6,75.0,-22.4,-1.7e-05,8.0
2026-02-19 12:00:00,2026-02-19 16:00:00,SHORT_MNQ,LOSS,4,24868.5,24960.88,66.08,66.62,-0.37,-0.82,-1.19,17.9,56.7,47.7,69.9,-22.2,-0.0,12.0
2026-02-19 16:00:00,2026-02-20 09:00:00,SHORT_MNQ,LOSS,16,24843.5,24968.29,66.62,66.01,-0.5,0.92,0.41,20.3,56.9,46.5,73.1,-26.6,-7e-06,16.0
2026-02-26 04:00:00,2026-02-26 14:00:00,LONG_MNQ,LOSS,10,25299.0,25192.29,65.58,64.71,-0.42,1.33,0.9,31.3,11.7,61.2,45.7,15.5,-0.0,4.0
2026-02-26 08:00:00,2026-02-26 14:00:00,LONG_MNQ,LOSS,6,25349.5,25270.91,65.46,64.71,-0.31,1.15,0.84,31.6,11.8,64.4,43.8,20.5,-0.0,8.0
2026-02-26 12:00:00,2026-02-26 14:00:00,LONG_MNQ,LOSS,2,25373.5,25301.18,64.12,64.71,-0.29,-0.92,-1.21,33.8,22.8,64.8,28.5,36.3,-1e-06,12.0
2026-02-27 12:00:00,2026-02-27 15:00:00,SHORT_MNQ,LOSS,3,24921.25,25010.63,67.04,66.91,-0.36,0.19,-0.16,37.3,19.5,37.1,64.6,-27.5,-3e-06,12.0
2026-02-27 21:00:00,2026-03-02 06:00:00,SHORT_MNQ,WIN,8,24958.25,24653.11,67.29,71.98,1.22,-6.97,-5.75,37.0,23.6,44.8,61.2,-16.5,-1e-06,21.0
2026-03-02 00:00:00,2026-03-02 16:00:00,SHORT_MNQ,LOSS,16,24786.25,24960.36,71.79,70.88,-0.7,1.27,0.57,38.7,30.6,37.7,78.8,-41.0,-5e-06,0.0
2026-03-02 04:00:00,2026-03-02 15:00:00,SHORT_MNQ,LOSS,11,24761.5,24927.65,71.31,71.25,-0.67,0.08,-0.59,36.0,32.0,38.2,68.9,-30.6,-1e-05,4.0
2026-03-02 08:00:00,2026-03-02 11:00:00,SHORT_MNQ,LOSS,3,24563.5,24720.54,72.55,71.95,-0.64,0.83,0.19,39.8,36.4,32.0,69.6,-37.6,-8e-06,8.0
2026-03-02 12:00:00,2026-03-02 14:00:00,SHORT_MNQ,LOSS,2,24628.75,24785.88,72.6,71.05,-0.64,2.13,1.5,37.9,37.2,37.7,67.9,-30.2,-2.2e-05,12.0
2026-03-03 08:00:00,2026-03-03 14:00:00,SHORT_MNQ,LOSS,6,24517.0,24657.04,74.46,76.69,-0.57,-2.99,-3.57,23.7,31.5,35.0,69.7,-34.7,-5.4e-05,8.0
2026-03-03 12:00:00,2026-03-03 18:00:00,SHORT_MNQ,LOSS,6,24582.0,24729.11,75.93,74.7,-0.6,1.62,1.02,29.2,39.5,40.5,68.6,-28.1,-6.2e-05,12.0
2026-03-09 00:00:00,2026-03-09 09:00:00,SHORT_MNQ,LOSS,9,24119.0,24376.73,108.26,101.08,-1.07,6.63,5.56,34.4,60.2,27.0,88.2,-61.2,-8e-06,0.0
2026-03-09 16:00:00,2026-03-10 08:00:00,LONG_MNQ,WIN,15,24709.0,25085.82,94.79,88.55,1.53,6.58,8.11,28.6,35.0,55.0,48.8,6.3,-2.3e-05,16.0
2026-03-10 00:00:00,2026-03-12 02:00:00,LONG_MNQ,LOSS,48,24934.5,24712.79,86.77,94.52,-0.89,-8.93,-9.82,31.8,36.6,59.5,41.3,18.2,-4.5e-05,0.0
2026-03-10 16:00:00,2026-03-10 18:00:00,LONG_MNQ,LOSS,2,25156.0,25003.88,82.34,84.11,-0.6,-2.15,-2.75,32.3,34.2,63.0,39.3,23.7,-7e-06,16.0
2026-03-11 00:00:00,2026-03-11 17:00:00,LONG_MNQ,LOSS,17,25061.0,24890.46,82.97,87.86,-0.68,-5.89,-6.57,23.0,30.9,56.9,42.7,14.2,-5.7e-05,0.0
2026-03-11 04:00:00,2026-03-11 07:00:00,LONG_MNQ,LOSS,3,25091.75,24955.71,83.08,85.49,-0.54,-2.9,-3.44,20.9,30.5,57.6,43.3,14.3,-3e-06,4.0
2026-03-13 08:00:00,2026-03-13 11:00:00,SHORT_MNQ,LOSS,3,24513.0,24632.87,95.66,93.43,-0.49,2.33,1.84,38.4,23.5,39.4,55.8,-16.4,-4.2e-05,8.0
2026-03-17 12:00:00,2026-03-18 06:00:00,LONG_MNQ,WIN,17,24932.5,25172.61,94.58,92.77,0.96,1.91,2.88,33.1,14.1,64.3,45.9,18.4,-8.1e-05,12.0
2026-03-17 16:00:00,2026-03-18 14:00:00,LONG_MNQ,LOSS,21,24995.5,24844.08,94.31,98.01,-0.61,-3.92,-4.53,40.6,17.5,63.3,45.9,17.4,-1e-06,16.0
2026-03-17 20:00:00,2026-03-18 12:00:00,LONG_MNQ,LOSS,15,25027.0,24880.51,95.3,97.17,-0.59,-1.96,-2.55,44.6,16.9,63.6,49.1,14.6,-1e-06,20.0
2026-03-18 00:00:00,2026-03-18 12:00:00,LONG_MNQ,LOSS,12,25078.5,24963.43,94.14,97.17,-0.46,-3.22,-3.68,46.3,19.3,65.1,45.2,20.0,-3.6e-05,0.0
2026-03-18 04:00:00,2026-03-18 12:00:00,LONG_MNQ,LOSS,8,25139.75,25056.53,92.5,97.17,-0.33,-5.05,-5.38,50.4,26.2,67.5,40.1,27.4,-0.0,4.0
2026-03-18 12:00:00,2026-03-18 13:00:00,SHORT_MNQ,LOSS,1,24880.5,24963.27,97.17,98.04,-0.33,-0.9,-1.23,51.9,25.3,45.9,58.8,-12.9,-0.000259,12.0
2026-03-18 20:00:00,2026-03-20 13:00:00,SHORT_MNQ,WIN,39,24606.25,24291.36,99.05,96.03,1.28,3.05,4.33,46.6,22.3,35.7,61.0,-25.4,-2.6e-05,20.0
2026-03-20 00:00:00,2026-03-20 09:00:00,LONG_MNQ,LOSS,9,24598.0,24431.98,94.2,95.88,-0.67,-1.78,-2.46,32.2,15.7,46.0,43.8,2.2,-2e-06,0.0
2026-03-20 16:00:00,2026-03-20 19:00:00,SHORT_MNQ,WIN,3,24272.5,23971.8,97.54,97.48,1.24,0.06,1.3,34.1,14.3,35.1,57.1,-22.0,-1.6e-05,16.0
2026-03-20 20:00:00,2026-03-23 11:00:00,SHORT_MNQ,LOSS,15,24101.5,24289.59,98.23,92.5,-0.78,5.83,5.05,39.3,18.3,30.2,57.9,-27.7,-4e-06,20.0
2026-03-23 04:00:00,2026-03-23 11:00:00,SHORT_MNQ,LOSS,7,23996.5,24177.89,98.89,92.5,-0.76,6.46,5.71,47.0,28.8,34.9,57.8,-22.8,-6e-06,4.0
2026-03-23 08:00:00,2026-03-23 11:00:00,SHORT_MNQ,LOSS,3,23931.25,24112.72,99.34,92.5,-0.76,6.89,6.13,49.5,30.8,35.8,56.5,-20.7,-6.6e-05,8.0
2026-03-23 12:00:00,2026-03-23 16:00:00,LONG_MNQ,LOSS,4,24609.0,24338.76,89.4,89.65,-1.1,-0.28,-1.38,48.1,32.2,61.5,32.6,28.9,-0.000297,12.0
2026-03-24 16:00:00,2026-03-24 20:00:00,SHORT_MNQ,LOSS,4,24281.0,24461.11,92.64,88.39,-0.74,4.59,3.85,16.3,32.5,48.4,50.8,-2.4,-3e-06,16.0
2026-03-24 20:00:00,2026-03-26 08:00:00,LONG_MNQ,LOSS,34,24403.5,24183.51,88.39,93.66,-0.9,-5.96,-6.86,15.9,31.8,53.5,38.5,15.0,-0.000292,20.0
2026-03-25 00:00:00,2026-03-26 02:00:00,LONG_MNQ,LOSS,25,24448.75,24245.93,87.79,91.9,-0.83,-4.68,-5.51,16.1,36.2,55.1,37.6,17.4,-1.8e-05,0.0
2026-03-25 04:00:00,2026-03-26 06:00:00,LONG_MNQ,LOSS,25,24418.5,24242.6,88.33,92.31,-0.72,-4.51,-5.23,15.4,38.8,53.5,40.7,12.8,-1.2e-05,4.0
2026-03-25 08:00:00,2026-03-25 15:00:00,LONG_MNQ,LOSS,7,24440.0,24289.01,87.63,90.34,-0.62,-3.09,-3.71,14.3,39.6,54.4,39.6,14.8,-1.1e-05,8.0
2026-03-25 12:00:00,2026-03-25 14:00:00,LONG_MNQ,LOSS,2,24448.0,24329.45,88.46,89.02,-0.48,-0.63,-1.12,16.2,40.5,54.1,44.0,10.1,-2.6e-05,12.0
2026-03-27 16:00:00,2026-03-28 03:00:00,SHORT_MNQ,WIN,5,23474.5,23181.52,98.81,101.62,1.25,-2.84,-1.6,35.5,24.7,29.3,70.7,-41.5,-2.7e-05,16.0
2026-03-30 04:00:00,2026-03-30 11:00:00,SHORT_MNQ,LOSS,7,23320.75,23499.06,101.47,101.11,-0.76,0.35,-0.41,47.3,36.8,35.0,69.3,-34.3,-1e-06,4.0
2026-04-01 00:00:00,2026-04-02 04:00:00,LONG_MNQ,LOSS,27,24036.0,23813.68,102.14,104.96,-0.92,-2.76,-3.69,36.8,19.0,68.7,50.2,18.5,-0.0,0.0
2026-04-01 04:00:00,2026-04-02 03:00:00,LONG_MNQ,LOSS,22,24012.5,23830.71,102.56,104.72,-0.76,-2.11,-2.86,42.3,17.2,66.5,51.3,15.2,-5e-06,4.0
2026-04-01 08:00:00,2026-04-01 15:00:00,LONG_MNQ,WIN,7,24070.5,24321.86,99.32,99.73,1.04,-0.41,0.63,47.7,24.7,65.2,43.6,21.7,-3e-06,8.0
2026-04-01 12:00:00,2026-04-01 15:00:00,LONG_MNQ,WIN,3,24061.75,24319.91,100.58,99.73,1.07,0.85,1.92,48.4,26.2,61.6,48.0,13.6,-9.6e-05,12.0
2026-04-02 00:00:00,2026-04-02 01:00:00,LONG_MNQ,LOSS,1,24236.75,24088.49,98.03,104.17,-0.61,-6.26,-6.88,35.6,23.2,62.4,42.0,20.4,-2e-05,0.0
2026-04-02 04:00:00,2026-04-02 14:00:00,SHORT_MNQ,LOSS,10,23804.75,23957.43,104.96,108.81,-0.64,-3.67,-4.31,33.6,23.7,44.4,60.1,-15.7,-2e-06,4.0
2026-04-02 08:00:00,2026-04-02 14:00:00,SHORT_MNQ,LOSS,6,23834.5,23976.6,107.23,108.81,-0.6,-1.47,-2.07,32.6,26.9,46.4,64.7,-18.3,-1.7e-05,8.0
2026-04-07 04:00:00,2026-04-07 08:00:00,SHORT_MNQ,LOSS,4,24247.25,24375.1,115.44,112.69,-0.53,2.38,1.85,18.2,31.9,52.1,62.6,-10.5,-1e-06,4.0
2026-04-08 08:00:00,2026-04-08 14:00:00,LONG_MNQ,LOSS,6,25215.75,25018.53,94.92,95.58,-0.78,-0.7,-1.48,35.8,48.7,72.6,26.0,46.6,-3.2e-05,8.0
2026-04-08 12:00:00,2026-04-08 13:00:00,LONG_MNQ,LOSS,1,25213.0,25108.38,92.57,93.25,-0.41,-0.73,-1.15,40.3,53.9,72.0,24.0,48.1,-1e-06,12.0
2026-04-08 16:00:00,2026-04-08 18:00:00,LONG_MNQ,LOSS,2,25141.75,25014.49,94.42,95.43,-0.51,-1.07,-1.58,33.7,54.3,64.6,31.9,32.8,-1.4e-05,16.0
2026-04-13 20:00:00,2026-04-14 15:00:00,LONG_MNQ,WIN,18,25585.25,25831.68,98.01,92.61,0.96,5.51,6.47,32.5,26.3,69.1,41.9,27.2,-0.0,20.0
2026-04-14 00:00:00,2026-04-14 15:00:00,LONG_MNQ,WIN,15,25591.0,25835.5,95.97,92.61,0.96,3.5,4.46,38.6,30.0,69.0,37.4,31.5,-1e-06,0.0
2026-04-14 04:00:00,2026-04-14 14:00:00,LONG_MNQ,WIN,10,25593.5,25764.98,96.71,93.42,0.67,3.4,4.07,43.7,32.8,68.1,40.3,27.8,-1e-06,4.0
2026-04-14 08:00:00,2026-04-14 14:00:00,LONG_MNQ,WIN,6,25662.5,25791.18,96.39,93.42,0.5,3.08,3.58,46.8,33.6,70.3,40.1,30.2,-2e-06,8.0
2026-04-14 12:00:00,2026-04-14 14:00:00,LONG_MNQ,WIN,2,25675.75,25791.46,95.84,93.42,0.45,2.53,2.98,50.5,33.1,69.1,39.5,29.6,-5e-06,12.0
2026-04-14 20:00:00,2026-04-15 15:00:00,LONG_MNQ,WIN,18,25990.75,26210.61,92.07,92.33,0.85,-0.28,0.56,61.5,42.8,76.5,31.9,44.6,-0.0,20.0
2026-04-15 04:00:00,2026-04-15 15:00:00,LONG_MNQ,WIN,11,26013.25,26187.41,91.67,92.33,0.67,-0.72,-0.05,65.1,52.1,73.4,36.1,37.3,-3e-06,4.0
2026-04-15 20:00:00,2026-04-17 12:00:00,LONG_MNQ,WIN,38,26360.0,26600.11,91.39,82.42,0.91,9.82,10.73,56.8,39.6,77.3,42.5,34.8,-1e-06,20.0
2026-04-16 12:00:00,2026-04-16 13:00:00,LONG_MNQ,LOSS,1,26401.5,26339.73,89.28,90.15,-0.23,-0.97,-1.21,57.1,40.2,68.2,38.0,30.2,-5e-06,12.0
2026-04-17 12:00:00,2026-04-17 13:00:00,LONG_MNQ,LOSS,1,26741.25,26675.95,82.42,81.75,-0.24,0.81,0.57,21.9,30.2,75.4,22.1,53.4,-0.000394,12.0
2026-04-17 20:00:00,2026-04-20 00:00:00,LONG_MNQ,LOSS,1,26842.0,26712.41,82.59,89.61,-0.48,-8.5,-8.98,37.0,45.0,71.9,33.2,38.8,-3e-06,20.0
2026-04-23 04:00:00,2026-04-23 13:00:00,SHORT_MNQ,LOSS,9,26955.75,27081.54,94.06,93.99,-0.47,0.07,-0.39,26.8,39.7,54.7,62.3,-7.6,-1e-05,4.0
2026-04-23 08:00:00,2026-04-23 11:00:00,SHORT_MNQ,LOSS,3,26927.25,27036.8,94.9,93.25,-0.41,1.74,1.33,25.9,43.4,51.5,63.1,-11.6,-3.3e-05,8.0
2026-04-24 12:00:00,2026-04-24 13:00:00,LONG_MNQ,LOSS,1,27237.75,27134.06,95.92,95.2,-0.38,0.75,0.37,18.2,37.1,62.9,53.9,9.0,-2.1e-05,12.0
2026-04-28 12:00:00,2026-04-29 00:00:00,SHORT_MNQ,LOSS,11,27148.25,27251.94,99.4,99.31,-0.38,0.09,-0.29,27.0,36.5,37.8,60.8,-23.1,-3.6e-05,12.0
2026-04-28 16:00:00,2026-04-28 22:00:00,SHORT_MNQ,LOSS,5,27084.25,27228.57,99.21,99.61,-0.53,-0.4,-0.94,30.4,36.5,37.4,58.6,-21.3,-7e-06,16.0
2026-04-28 20:00:00,2026-04-29 20:00:00,SHORT_MNQ,LOSS,23,27191.0,27346.3,99.62,108.49,-0.57,-8.9,-9.47,26.8,36.5,44.9,58.8,-13.9,-2e-06,20.0
2026-04-29 12:00:00,2026-04-29 14:00:00,SHORT_MNQ,LOSS,2,27225.75,27303.91,103.82,105.19,-0.29,-1.32,-1.61,14.4,39.5,46.8,70.1,-23.3,-4e-06,12.0
2026-04-29 16:00:00,2026-04-29 19:00:00,SHORT_MNQ,LOSS,3,27199.5,27309.38,107.14,107.78,-0.4,-0.6,-1.0,15.7,46.8,45.4,77.9,-32.5,-5e-06,16.0
2026-04-29 20:00:00,2026-04-29 22:00:00,SHORT_MNQ,LOSS,1,27150.5,27311.38,108.49,108.41,-0.59,0.07,-0.52,15.6,54.1,43.5,77.9,-34.4,-4.4e-05,20.0
2026-04-30 04:00:00,2026-04-30 11:00:00,SHORT_MNQ,LOSS,7,27233.5,27448.16,109.86,104.53,-0.79,4.85,4.06,15.3,57.7,46.6,75.7,-29.0,-4.8e-05,4.0
2026-05-06 00:00:00,2026-05-06 10:00:00,LONG_MNQ,WIN,10,28275.5,28550.54,100.91,89.81,0.97,11.0,11.97,33.3,23.0,68.5,41.0,27.5,-3.7e-05,0.0
2026-05-06 04:00:00,2026-05-06 10:00:00,LONG_MNQ,WIN,6,28335.5,28580.11,100.39,89.81,0.86,10.54,11.4,34.7,27.5,70.7,39.4,31.3,-1e-06,4.0
2026-05-06 08:00:00,2026-05-06 13:00:00,LONG_MNQ,LOSS,5,28483.25,28356.15,95.45,96.04,-0.45,-0.62,-1.06,36.7,31.4,75.0,27.5,47.6,-0.000115,8.0
2026-05-06 12:00:00,2026-05-06 13:00:00,LONG_MNQ,LOSS,1,28457.25,28336.79,95.42,96.04,-0.42,-0.65,-1.07,41.2,40.1,67.0,38.8,28.2,-8.9e-05,12.0
2026-05-06 16:00:00,2026-05-07 14:00:00,LONG_MNQ,WIN,21,28539.25,28832.77,95.87,91.2,1.03,4.87,5.9,37.8,39.0,69.0,41.3,27.7,-4e-06,16.0
2026-05-07 12:00:00,2026-05-07 14:00:00,LONG_MNQ,WIN,2,28755.25,28912.27,90.69,91.2,0.55,-0.56,-0.02,42.2,40.6,70.2,29.9,40.3,-9e-06,12.0
2026-05-07 20:00:00,2026-05-08 05:00:00,SHORT_MNQ,LOSS,8,28643.0,28800.96,97.66,95.42,-0.55,2.29,1.74,35.0,31.5,53.4,55.8,-2.4,-1.9e-05,20.0
2026-05-12 08:00:00,2026-05-12 15:00:00,SHORT_MNQ,WIN,7,29214.0,28984.23,100.9,101.5,0.79,-0.59,0.19,32.6,22.9,47.8,62.7,-14.9,-2e-06,8.0
2026-05-12 12:00:00,2026-05-12 15:00:00,SHORT_MNQ,WIN,3,29222.75,28990.95,100.77,101.5,0.79,-0.72,0.07,36.5,29.1,48.8,59.8,-11.0,-1e-05,12.0
2026-05-12 16:00:00,2026-05-12 17:00:00,SHORT_MNQ,LOSS,1,28748.75,28908.02,101.64,101.69,-0.55,-0.05,-0.6,40.3,31.5,29.0,62.0,-32.9,-4e-06,16.0
2026-05-18 00:00:00,2026-05-18 12:00:00,SHORT_MNQ,LOSS,12,29034.75,29301.27,102.98,99.04,-0.92,3.83,2.91,38.8,25.7,39.4,57.5,-18.1,-1.4e-05,0.0
2026-05-18 12:00:00,2026-05-18 13:00:00,LONG_MNQ,LOSS,1,29408.5,29198.96,99.04,99.59,-0.71,-0.56,-1.27,37.1,24.6,55.4,38.0,17.5,-0.000145,12.0
2026-05-18 20:00:00,2026-05-20 12:00:00,SHORT_MNQ,EXPIRED,38,29075.25,29141.0,102.45,101.52,-0.23,0.91,0.68,33.1,18.2,46.6,51.7,-5.1,-4e-06,20.0
2026-05-19 00:00:00,2026-05-20 12:00:00,SHORT_MNQ,EXPIRED,35,29083.25,29141.0,102.51,101.52,-0.2,0.97,0.77,30.5,15.5,47.0,51.9,-4.9,-4e-06,0.0
